E/S,Montant,Banque,Description,Date,Bénéfice,Consommation,BB,CMB,TR,,Mois,Année,,Entrée,Sortie,,BB,BB/mois,CMB,TR,,Entrée/Mois,Sortie/Mois
Entrée,697,BB,CE Départ,01/11/2025,0,337,697,0,0,,11,2025,,"0,00",0,,697,0,0,0,,0,337
Entrée,126,BB,Sumeria Départ,01/11/2025,0,337,823,0,0,,11,2025,,"0,00",0,,126,0,0,0,,0,337
Entrée,22950,CMB,CMB Livret A,01/11/2025,0,337,823,22950,0,,11,2025,,"0,00",0,,0,0,22950,0,,0,337
Entrée,1817,CMB,CMB Livret Jeune,01/11/2025,0,337,823,24767,0,,11,2025,,"0,00",0,,0,0,1817,0,,0,337
Entrée,480,TR,TR,01/11/2025,0,337,823,24767,480,,11,2025,,"0,00",0,,0,0,0,480,,0,337
Entrée,511,CMB,Livret DD,04/11/2025,40,337,1000,25278,480,,11,2025,,"0,00",0,,0,863,511,0,,377,337
Entrée,177,BB,Reste Porte Monnaie,04/11/2025,40,337,1000,25278,480,,11,2025,,"177,00",0,,177,863,0,0,,377,337
Sortie,5,BB,Chewing-gums ,06/11/2025,40,337,995,25278,480,,11,2025,,"0,00",5,,-5,863,0,0,,377,337
Entrée,110,BB,Inscription Boursorama,10/11/2025,40,337,1105,25278,480,,11,2025,,"110,00",0,,110,863,0,0,,377,337
Sortie,24,BB,BK JuJu 🧡,10/11/2025,40,337,1081,25278,480,,11,2025,,"0,00",24,,-24,863,0,0,,377,337
Sortie,7,BB,Carte SIM,11/11/2025,40,337,1074,25278,480,,11,2025,,"0,00",7,,-7,863,0,0,,377,337
Sortie,24,BB,Courses,13/11/2025,40,337,1050,25278,480,,11,2025,,"0,00",24,,-24,863,0,0,,377,337
Sortie,11,BB,Anniversaire Mathias ,13/11/2025,40,337,1039,25278,480,,11,2025,,"0,00",11,,-11,863,0,0,,377,337
Sortie,16,BB,Carte liberté +,17/11/2025,40,337,1023,25278,480,,11,2025,,"0,00",16,,-16,863,0,0,,377,337
Sortie,5,BB,Raclette voiture ,18/11/2025,40,337,1018,25278,480,,11,2025,,"0,00",5,,-5,863,0,0,,377,337
Sortie,2,BB,Cotisation bancaire CE,18/11/2025,40,337,1016,25278,480,,11,2025,,"0,00",2,,-2,863,0,0,,377,337
Sortie,20,BB,KNDS : départ Philippe,20/11/2025,40,337,996,25278,480,,11,2025,,"0,00",20,,-20,863,0,0,,377,337
Sortie,5,BB,Barbe à papa,20/11/2025,40,337,991,25278,480,,11,2025,,"0,00",5,,-5,863,0,0,,377,337
Sortie,53,BB,Essence ,22/11/2025,40,337,938,25278,480,,11,2025,,"0,00",53,,-53,863,0,0,,377,337
Sortie,72,BB,Cadeau Theo,22/11/2025,40,337,866,25278,480,,11,2025,,"0,00",72,,-72,863,0,0,,377,337
Sortie,4,BB,Twix eco+,22/11/2025,40,337,862,25278,480,,11,2025,,"0,00",4,,-4,863,0,0,,377,337
Sortie,37,BB,Camera Audrey ,23/11/2025,40,337,825,25278,480,,11,2025,,"0,00",37,,-37,863,0,0,,377,337
Sortie,52,BB,Écran Samsung ,23/11/2025,40,337,773,25278,480,,11,2025,,"0,00",52,,-52,863,0,0,,377,337
Entrée,90,BB,Remboursement commandes ,23/11/2025,40,337,863,25278,480,,11,2025,,"90,00",0,,90,863,0,0,,377,337
Entrée,1729,BB,KNDS,01/12/2025,50,1980,2592,25278,480,,12,2025,,"1729,00",0,,1729,50,0,0,,2685,1980
Sortie,45,BB,Dîner JuJu 🧡,01/12/2025,50,1980,2547,25278,480,,12,2025,,"0,00",45,,-45,50,0,0,,2685,1980
Sortie,500,BB,Économie,01/12/2025,50,1980,2047,25278,480,,12,2025,,"0,00",500,,-500,50,0,0,,2685,1980
Entrée,500,CMB,Économie ,01/12/2025,50,1980,2047,25778,480,,12,2025,,"500,00",0,,0,50,500,0,,2685,1980
Sortie,155,BB,Investissement ,01/12/2025,50,1980,1892,25778,480,,12,2025,,"0,00",155,,-155,50,0,0,,2685,1980
Entrée,155,TR,Investissement ,01/12/2025,50,1980,1892,25778,635,,12,2025,,"155,00",0,,0,50,0,155,,2685,1980
Sortie,43,BB,Repas JuJu 🧡,01/12/2025,50,1980,1849,25778,635,,12,2025,,"0,00",43,,-43,50,0,0,,2685,1980
Sortie,78,BB,Cadeau papa + parapluie ,01/12/2025,50,1980,1771,25778,635,,12,2025,,"0,00",78,,-78,50,0,0,,2685,1980
Sortie,473,BB,Assurance R4F6,01/12/2025,50,1980,1298,25778,635,,12,2025,,"0,00",473,,-473,50,0,0,,2685,1980
Sortie,47,BB,Cadeau Noël ,01/12/2025,50,1980,1251,25778,635,,12,2025,,"0,00",47,,-47,50,0,0,,2685,1980
Sortie,45,BB,Cadeau maman ,01/12/2025,50,1980,1206,25778,635,,12,2025,,"0,00",45,,-45,50,0,0,,2685,1980
Sortie,4,BB,Onigiri Mathias ,02/12/2025,50,1980,1202,25778,635,,12,2025,,"0,00",4,,-4,50,0,0,,2685,1980
Entrée,30,BB,Covoiturage Mathias ,02/12/2025,50,1980,1232,25778,635,,12,2025,,"30,00",0,,30,50,0,0,,2685,1980
Sortie,68,BB,Essence ,02/12/2025,50,1980,1164,25778,635,,12,2025,,"0,00",68,,-68,50,0,0,,2685,1980
Sortie,15,BB,Clash Royal ,02/12/2025,50,1980,1149,25778,635,,12,2025,,"0,00",15,,-15,50,0,0,,2685,1980
Sortie,11,BB,Youtube music ,02/12/2025,50,1980,1138,25778,635,,12,2025,,"0,00",11,,-11,50,0,0,,2685,1980
Sortie,42,BB,Collants costumes ,02/12/2025,50,1980,1096,25778,635,,12,2025,,"0,00",42,,-42,50,0,0,,2685,1980
Sortie,43,BB,Dîner JuJu 🧡 ,05/12/2025,50,1980,1053,25778,635,,12,2025,,"0,00",43,,-43,50,0,0,,2685,1980
Sortie,18,BB,Clash Royal ,06/12/2025,50,1980,1035,25778,635,,12,2025,,"0,00",18,,-18,50,0,0,,2685,1980
Sortie,30,BB,Sortie Mathias,06/12/2025,50,1980,1005,25778,635,,12,2025,,"0,00",30,,-30,50,0,0,,2685,1980
Sortie,22,BB,Commande aliexpress ,07/12/2025,50,1980,983,25778,635,,12,2025,,"0,00",22,,-22,50,0,0,,2685,1980
Entrée,36,BB,Caf,07/12/2025,50,1980,1019,25778,635,,12,2025,,"36,00",0,,36,50,0,0,,2685,1980
Sortie,0,BB,Drapeau français ,07/12/2025,50,1980,1019,25778,635,,12,2025,,"0,00",0,,0,50,0,0,,2685,1980
Sortie,44,BB,Essence ,10/12/2025,50,1980,975,25778,635,,12,2025,,"0,00",44,,-44,50,0,0,,2685,1980
Sortie,50,BB,Cantine KNDS,11/12/2025,50,1980,925,25778,635,,12,2025,,"0,00",50,,-50,50,0,0,,2685,1980
Sortie,5,BB,YouPrice,11/12/2025,50,1980,920,25778,635,,12,2025,,"0,00",5,,-5,50,0,0,,2685,1980
Sortie,13,BB,Traiteur chinois JuJu 🧡,12/12/2025,50,1980,907,25778,635,,12,2025,,"0,00",13,,-13,50,0,0,,2685,1980
Sortie,24,BB,Phares ,15/12/2025,50,1980,883,25778,635,,12,2025,,"0,00",24,,-24,50,0,0,,2685,1980
Sortie,97,BB,Cadeaux papa pour Pierre et Audrey ,16/12/2025,50,1980,786,25778,635,,12,2025,,"0,00",97,,-97,50,0,0,,2685,1980
Entrée,100,BB,Remboursement papa,17/12/2025,50,1980,886,25778,635,,12,2025,,"100,00",0,,100,50,0,0,,2685,1980
Sortie,42,BB,Essence ,17/12/2025,50,1980,844,25778,635,,12,2025,,"0,00",42,,-42,50,0,0,,2685,1980
Sortie,20,BB,Coiffeur ,22/12/2025,50,1980,824,25778,635,,12,2025,,"0,00",20,,-20,50,0,0,,2685,1980
Sortie,25,BB,Essence 4L,22/12/2025,50,1980,799,25778,635,,12,2025,,"0,00",25,,-25,50,0,0,,2685,1980
Entrée,15,BB,Remboursement cadeau maman,22/12/2025,50,1980,814,25778,635,,12,2025,,"15,00",0,,15,50,0,0,,2685,1980
Entrée,20,BB,Payement téléphone maman,23/12/2025,50,1980,834,25778,635,,12,2025,,"20,00",0,,20,50,0,0,,2685,1980
Sortie,21,BB,Achat téléphone maman ,23/12/2025,50,1980,813,25778,635,,12,2025,,"0,00",21,,-21,50,0,0,,2685,1980
Entrée,100,BB,Cadeau Noël papy mamie ,23/12/2025,50,1980,913,25778,635,,12,2025,,"100,00",0,,100,50,0,0,,2685,1980
Entrée,1729,BB,KNDS,01/01/2026,120,3107,2642,25778,635,,1,2026,,"1729,00",0,,1729,120,0,0,,4577,3107
Sortie,155,BB,Airbnb soirée du 10/01,01/01/2026,120,3107,2487,25778,635,,1,2026,,"0,00",155,,-155,120,0,0,,4577,3107
Sortie,500,BB,Économie ,01/01/2026,120,3107,1987,25778,635,,1,2026,,"0,00",500,,-500,120,0,0,,4577,3107
Entrée,500,CMB,Économie ,01/01/2026,120,3107,1987,26278,635,,1,2026,,"500,00",0,,0,120,500,0,,4577,3107
Sortie,150,BB,Actions,01/01/2026,120,3107,1837,26278,635,,1,2026,,"0,00",150,,-150,120,0,0,,4577,3107
Entrée,150,TR,Actions ,01/01/2026,120,3107,1837,26278,785,,1,2026,,"150,00",0,,0,120,0,150,,4577,3107
Entrée,52,BB,"Remboursement Airbnb soirée (JuJu, Theo) ",01/01/2026,120,3107,1889,26278,785,,1,2026,,"52,00",0,,52,120,0,0,,4577,3107
Sortie,11,BB,Youtube Music,01/01/2026,120,3107,1878,26278,785,,1,2026,,"0,00",11,,-11,120,0,0,,4577,3107
Sortie,50,BB,Compte commun 🧡x💙,01/01/2026,120,3107,1828,26278,785,,1,2026,,"0,00",50,,-50,120,0,0,,4577,3107
Sortie,17,BB,Courses nouvel an JuJu 🤭,01/01/2026,120,3107,1811,26278,785,,1,2026,,"0,00",17,,-17,120,0,0,,4577,3107
Sortie,60,BB,Cadeau JuJu 🧡,01/01/2026,120,3107,1751,26278,785,,1,2026,,"0,00",60,,-60,120,0,0,,4577,3107
Sortie,68,BB,Micro cravate ,01/01/2026,120,3107,1683,26278,785,,1,2026,,"0,00",68,,-68,120,0,0,,4577,3107
Sortie,14,BB,Sncf,02/01/2026,120,3107,1669,26278,785,,1,2026,,"0,00",14,,-14,120,0,0,,4577,3107
Sortie,50,BB,Rouen 🧡,02/01/2026,120,3107,1619,26278,785,,1,2026,,"0,00",50,,-50,120,0,0,,4577,3107
Entrée,168,BB,CAF,04/01/2026,120,3107,1787,26278,785,,1,2026,,"168,00",0,,168,120,0,0,,4577,3107
Sortie,52,BB,Essence ,04/01/2026,120,3107,1735,26278,785,,1,2026,,"0,00",52,,-52,120,0,0,,4577,3107
Sortie,37,BB,Coque tel,05/01/2026,120,3107,1698,26278,785,,1,2026,,"0,00",37,,-37,120,0,0,,4577,3107
Entrée,700,BB,Cadeau mamie Versailles ,06/01/2026,120,3107,2398,26278,785,,1,2026,,"700,00",0,,700,120,0,0,,4577,3107
Sortie,700,BB,Économies ,06/01/2026,120,3107,1698,26278,785,,1,2026,,"0,00",700,,-700,120,0,0,,4577,3107
Entrée,700,CMB,Économies ,06/01/2026,120,3107,1698,26978,785,,1,2026,,"700,00",0,,0,120,700,0,,4577,3107
Sortie,3,BB,Bouffe taff,08/01/2026,120,3107,1695,26978,785,,1,2026,,"0,00",3,,-3,120,0,0,,4577,3107
Sortie,120,BB,Pressing ,08/01/2026,120,3107,1575,26978,785,,1,2026,,"0,00",120,,-120,120,0,0,,4577,3107
Sortie,43,BB,Courses soirée ,10/01/2026,120,3107,1532,26978,785,,1,2026,,"0,00",43,,-43,120,0,0,,4577,3107
Entrée,26,BB,Airbnb soirée remboursement Mathias ,11/01/2026,120,3107,1558,26978,785,,1,2026,,"26,00",0,,26,120,0,0,,4577,3107
Entrée,26,BB,Airbnb soirée remboursement Mathias ,11/01/2026,120,3107,1584,26978,785,,1,2026,,"26,00",0,,26,120,0,0,,4577,3107
Sortie,53,BB,Essence,13/01/2026,120,3107,1531,26978,785,,1,2026,,"0,00",53,,-53,120,0,0,,4577,3107
Entrée,26,BB,Remboursement soirée ,16/01/2026,120,3107,1557,26978,785,,1,2026,,"26,00",0,,26,120,0,0,,4577,3107
Sortie,32,BB,Dîner anniversaire JuJu 🧡 ,17/01/2026,120,3107,1525,26978,785,,1,2026,,"0,00",32,,-32,120,0,0,,4577,3107
Sortie,10,BB,YouPrice,18/01/2026,120,3107,1515,26978,785,,1,2026,,"0,00",10,,-10,120,0,0,,4577,3107
Sortie,605,BB,Cadeau Audrey ,18/01/2026,120,3107,910,26978,785,,1,2026,,"0,00",605,,-605,120,0,0,,4577,3107
Entrée,500,BB,"Remboursement Pierre, Papa et Maman cadeau Audrey ",18/01/2026,120,3107,1410,26978,785,,1,2026,,"500,00",0,,500,120,0,0,,4577,3107
Sortie,33,BB,Casque PS4,18/01/2026,120,3107,1377,26978,785,,1,2026,,"0,00",33,,-33,120,0,0,,4577,3107
Sortie,10,BB,Onigiri ,20/01/2026,120,3107,1367,26978,785,,1,2026,,"0,00",10,,-10,120,0,0,,4577,3107
Sortie,21,BB,Subway ,20/01/2026,120,3107,1346,26978,785,,1,2026,,"0,00",21,,-21,120,0,0,,4577,3107
Sortie,42,BB,Essence ,24/01/2026,120,3107,1304,26978,785,,1,2026,,"0,00",42,,-42,120,0,0,,4577,3107
Sortie,25,BB,Péage ,24/01/2026,120,3107,1279,26978,785,,1,2026,,"0,00",25,,-25,120,0,0,,4577,3107
Sortie,36,BB,Minecraft cousins,24/01/2026,120,3107,1243,26978,785,,1,2026,,"0,00",36,,-36,120,0,0,,4577,3107
Sortie,54,BB,Essence ,25/01/2026,120,3107,1189,26978,785,,1,2026,,"0,00",54,,-54,120,0,0,,4577,3107
Sortie,4,BB,Déo,27/01/2026,120,3107,1185,26978,785,,1,2026,,"0,00",4,,-4,120,0,0,,4577,3107
Sortie,100,BB,Mixeur/shaker,28/01/2026,120,3107,1085,26978,785,,1,2026,,"0,00",100,,-100,120,0,0,,4577,3107
Sortie,10,BB,Courses shaker,29/01/2026,120,3107,1075,26978,785,,1,2026,,"0,00",10,,-10,120,0,0,,4577,3107
Sortie,11,BB,Youtube music ,29/01/2026,120,3107,1064,26978,785,,1,2026,,"0,00",11,,-11,120,0,0,,4577,3107
Sortie,31,BB,Restau goats ,30/01/2026,120,3107,1033,26978,785,,1,2026,,"0,00",31,,-31,120,0,0,,4577,3107
Entrée,1745,BB,KNDS,01/02/2026,22,2699,2778,26978,785,,2,2026,,"1745,00",0,,1745,22,0,0,,3521,2699
Sortie,500,BB,Économie ,01/02/2026,22,2699,2278,26978,785,,2,2026,,"0,00",500,,-500,22,0,0,,3521,2699
Entrée,500,CMB,Économie ,01/02/2026,22,2699,2278,27478,785,,2,2026,,"500,00",0,,0,22,500,0,,3521,2699
Sortie,200,BB,Actions,01/02/2026,22,2699,2078,27478,785,,2,2026,,"0,00",200,,-200,22,0,0,,3521,2699
Entrée,200,TR,Actions ,01/02/2026,22,2699,2078,27478,985,,2,2026,,"200,00",0,,0,22,0,200,,3521,2699
Sortie,478,BB,Bateaux Lego,01/02/2026,22,2699,1600,27478,985,,2,2026,,"0,00",478,,-478,22,0,0,,3521,2699
Entrée,189,BB,Remboursement bateau Lego Mathias,01/02/2026,22,2699,1789,27478,985,,2,2026,,"189,00",0,,189,22,0,0,,3521,2699
Sortie,9,BB,KFC,01/02/2026,22,2699,1780,27478,985,,2,2026,,"0,00",9,,-9,22,0,0,,3521,2699
Sortie,50,BB,Compte commun 🧡x💙,01/02/2026,22,2699,1730,27478,985,,2,2026,,"0,00",50,,-50,22,0,0,,3521,2699
Sortie,8,BB,Framboises congelés ,01/02/2026,22,2699,1722,27478,985,,2,2026,,"0,00",8,,-8,22,0,0,,3521,2699
Sortie,14,BB,Aimants + pinces haltères ,02/02/2026,22,2699,1708,27478,985,,2,2026,,"0,00",14,,-14,22,0,0,,3521,2699
Sortie,35,BB,Whey,02/02/2026,22,2699,1673,27478,985,,2,2026,,"0,00",35,,-35,22,0,0,,3521,2699
Sortie,245,BB,Voyage JuJu 🧡,02/02/2026,22,2699,1428,27478,985,,2,2026,,"0,00",245,,-245,22,0,0,,3521,2699
Sortie,0,BB,Cartouches Audrey (remboursé) ,03/02/2026,22,2699,1428,27478,985,,2,2026,,"0,00",0,,0,22,0,0,,3521,2699
Sortie,44,BB,Essence ,04/02/2026,22,2699,1384,27478,985,,2,2026,,"0,00",44,,-44,22,0,0,,3521,2699
Sortie,44,BB,Essence ,04/02/2026,22,2699,1340,27478,985,,2,2026,,"0,00",44,,-44,22,0,0,,3521,2699
Sortie,20,BB,Lego Mathias ,06/02/2026,22,2699,1320,27478,985,,2,2026,,"0,00",20,,-20,22,0,0,,3521,2699
Entrée,168,BB,CAF,08/02/2026,22,2699,1488,27478,985,,2,2026,,"168,00",0,,168,22,0,0,,3521,2699
Entrée,604,BB,Remboursement Huawei,08/02/2026,22,2699,2092,27478,985,,2,2026,,"604,00",0,,604,22,0,0,,3521,2699
Sortie,553,BB,Achat tablette Audrey ,08/02/2026,22,2699,1539,27478,985,,2,2026,,"0,00",553,,-553,22,0,0,,3521,2699
Sortie,50,BB,Cantine,10/02/2026,22,2699,1489,27478,985,,2,2026,,"0,00",50,,-50,22,0,0,,3521,2699
Sortie,10,BB,Bouillote ,10/02/2026,22,2699,1479,27478,985,,2,2026,,"0,00",10,,-10,22,0,0,,3521,2699
Sortie,27,BB,"Soirée maman, Domi, Audrey, Enzo",10/02/2026,22,2699,1452,27478,985,,2,2026,,"0,00",27,,-27,22,0,0,,3521,2699
Sortie,36,BB,Clash Royal ,13/02/2026,22,2699,1416,27478,985,,2,2026,,"0,00",36,,-36,22,0,0,,3521,2699
Sortie,50,BB,Self KNDS,17/02/2026,22,2699,1366,27478,985,,2,2026,,"0,00",50,,-50,22,0,0,,3521,2699
Entrée,15,BB,Remboursement bouillote papa,17/02/2026,22,2699,1381,27478,985,,2,2026,,"15,00",0,,15,22,0,0,,3521,2699
Sortie,10,BB,YouPrice,17/02/2026,22,2699,1371,27478,985,,2,2026,,"0,00",10,,-10,22,0,0,,3521,2699
Sortie,52,BB,Essence,18/02/2026,22,2699,1319,27478,985,,2,2026,,"0,00",52,,-52,22,0,0,,3521,2699
Sortie,71,BB,Courses muscu ,18/02/2026,22,2699,1248,27478,985,,2,2026,,"0,00",71,,-71,22,0,0,,3521,2699
Sortie,100,BB,Virement de Banxo vers TR,20/02/2026,22,2699,1148,27478,985,,2,2026,,"0,00",100,,-100,22,0,0,,3521,2699
Entrée,100,TR,Virement de Banxo vers TR,20/02/2026,22,2699,1148,27478,1085,,2,2026,,"100,00",0,,0,22,0,100,,3521,2699
Sortie,21,BB,Essence 4L,27/02/2026,22,2699,1127,27478,1085,,2,2026,,"0,00",21,,-21,22,0,0,,3521,2699
Sortie,52,BB,Roulement 4L,27/02/2026,22,2699,1075,27478,1085,,2,2026,,"0,00",52,,-52,22,0,0,,3521,2699
Sortie,10,BB,Subway Surfer City,27/02/2026,22,2699,1065,27478,1085,,2,2026,,"0,00",10,,-10,22,0,0,,3521,2699
Sortie,10,BB,Subway Surfer City,27/02/2026,22,2699,1055,27478,1085,,2,2026,,"0,00",10,,-10,22,0,0,,3521,2699
Entrée,1745,BB,Salaire KNDS,02/03/2026,59,3173,2800,27478,1085,,3,2026,,"1745,00",0,,1745,59,0,0,,2601,3173
Sortie,500,BB,Economie,02/03/2026,59,3173,2300,27478,1085,,3,2026,,"0,00",500,,-500,59,0,0,,2601,3173
Entrée,500,CMB,Economie,02/03/2026,59,3173,2300,27978,1085,,3,2026,,"500,00",0,,0,59,500,0,,2601,3173
Sortie,200,BB,Investissement ,02/03/2026,59,3173,2100,27978,1085,,3,2026,,"0,00",200,,-200,59,0,0,,2601,3173
Entrée,200,TR,Investissement ,02/03/2026,59,3173,2100,27978,1285,,3,2026,,"200,00",0,,0,59,0,200,,2601,3173
Sortie,6,BB,Mcdo,02/03/2026,59,3173,2094,27978,1285,,3,2026,,"0,00",6,,-6,59,0,0,,2601,3173
Sortie,12,BB,Fils bracelets JuJu 🧡,02/03/2026,59,3173,2082,27978,1285,,3,2026,,"0,00",12,,-12,59,0,0,,2601,3173
Sortie,142,BB,"Airbnb 22 mars, JuJu 🧡",02/03/2026,59,3173,1940,27978,1285,,3,2026,,"0,00",142,,-142,59,0,0,,2601,3173
Sortie,20,BB,Repas trio endiablé ,02/03/2026,59,3173,1920,27978,1285,,3,2026,,"0,00",20,,-20,59,0,0,,2601,3173
Sortie,19,BB,Sushi Mathias ,03/03/2026,59,3173,1901,27978,1285,,3,2026,,"0,00",19,,-19,59,0,0,,2601,3173
Sortie,20,BB,Cagnotte départ Jean-François KNDS,04/03/2026,59,3173,1881,27978,1285,,3,2026,,"0,00",20,,-20,59,0,0,,2601,3173
Entrée,87,BB,CAF,06/03/2026,59,3173,1968,27978,1285,,3,2026,,"87,00",0,,87,59,0,0,,2601,3173
Sortie,2,BB,Gourmandise Boulot ,06/03/2026,59,3173,1966,27978,1285,,3,2026,,"0,00",2,,-2,59,0,0,,2601,3173
Sortie,109,BB,Anniversaire Domi ,06/03/2026,59,3173,1857,27978,1285,,3,2026,,"0,00",109,,-109,59,0,0,,2601,3173
Sortie,48,BB,Essence ,08/03/2026,59,3173,1809,27978,1285,,3,2026,,"0,00",48,,-48,59,0,0,,2601,3173
Sortie,247,BB,Imprimante photo,08/03/2026,59,3173,1562,27978,1285,,3,2026,,"0,00",247,,-247,59,0,0,,2601,3173
Sortie,6,BB,McDo,10/03/2026,59,3173,1556,27978,1285,,3,2026,,"0,00",6,,-6,59,0,0,,2601,3173
Sortie,87,BB,Essence ,13/03/2026,59,3173,1469,27978,1285,,3,2026,,"0,00",87,,-87,59,0,0,,2601,3173
Sortie,21,BB,Mcdo,13/03/2026,59,3173,1448,27978,1285,,3,2026,,"0,00",21,,-21,59,0,0,,2601,3173
Sortie,50,BB,Compte commun 🧡x💙,14/03/2026,59,3173,1398,27978,1285,,3,2026,,"0,00",50,,-50,59,0,0,,2601,3173
Sortie,23,BB,Bluetooth Yaris ,17/03/2026,59,3173,1375,27978,1285,,3,2026,,"0,00",23,,-23,59,0,0,,2601,3173
Sortie,48,BB,Clavier pliable ,17/03/2026,59,3173,1327,27978,1285,,3,2026,,"0,00",48,,-48,59,0,0,,2601,3173
Sortie,9,BB,Medecin,19/03/2026,59,3173,1318,27978,1285,,3,2026,,"0,00",9,,-9,59,0,0,,2601,3173
Sortie,4,BB,Onigiri ,20/03/2026,59,3173,1314,27978,1285,,3,2026,,"0,00",4,,-4,59,0,0,,2601,3173
Sortie,0,CMB,Achat PC Cdiscount (remboursé) ,20/03/2026,59,3173,1314,27978,1285,,3,2026,,"0,00",0,,0,59,0,0,,2601,3173
Sortie,19,BB,Sushi,20/03/2026,59,3173,1295,27978,1285,,3,2026,,"0,00",19,,-19,59,0,0,,2601,3173
Sortie,85,BB,Renouvellement assurance DJI,22/03/2026,59,3173,1210,27978,1285,,3,2026,,"0,00",85,,-85,59,0,0,,2601,3173
Sortie,1331,CMB,Achat PC Rakuten,23/03/2026,59,3173,1210,26647,1285,,3,2026,,"0,00",1331,,0,59,-1331,0,,2601,3173
Sortie,22,BB,Claud pro,24/03/2026,59,3173,1188,26647,1285,,3,2026,,"0,00",22,,-22,59,0,0,,2601,3173
Sortie,54,BB,Essence ,24/03/2026,59,3173,1134,26647,1285,,3,2026,,"0,00",54,,-54,59,0,0,,2601,3173
Entrée,22,BB,Remboursement Cdiscount ,25/03/2026,59,3173,1156,26647,1285,,3,2026,,"22,00",0,,22,59,0,0,,2601,3173
Entrée,47,BB,Remboursement Amazon,25/03/2026,59,3173,1203,26647,1285,,3,2026,,"47,00",0,,47,59,0,0,,2601,3173
Sortie,50,BB,Cantine KNDS,25/03/2026,59,3173,1153,26647,1285,,3,2026,,"0,00",50,,-50,59,0,0,,2601,3173
Sortie,6,BB,Youtube Music,26/03/2026,59,3173,1147,26647,1285,,3,2026,,"0,00",6,,-6,59,0,0,,2601,3173
Sortie,14,BB,Resto chinois ,27/03/2026,59,3173,1133,26647,1285,,3,2026,,"0,00",14,,-14,59,0,0,,2601,3173
Sortie,8,BB,Courses shaker ,30/03/2026,59,3173,1125,26647,1285,,3,2026,,"0,00",8,,-8,59,0,0,,2601,3173
Sortie,11,BB,Mcdo ,31/03/2026,59,3173,1114,26647,1285,,3,2026,,"0,00",11,,-11,59,0,0,,2601,3173
Entrée,1798,BB,KNDS,01/04/2026,118,2780,2912,26647,1285,,4,2026,,"1798,00",0,,1798,118,0,0,,3298,2780
Sortie,200,BB,Actions,01/04/2026,118,2780,2712,26647,1285,,4,2026,,"0,00",200,,-200,118,0,0,,3298,2780
Sortie,500,BB,Economies,01/04/2026,118,2780,2212,26647,1285,,4,2026,,"0,00",500,,-500,118,0,0,,3298,2780
Entrée,200,TR,Actions,01/04/2026,118,2780,2212,26647,1485,,4,2026,,"200,00",0,,0,118,0,200,,3298,2780
Entrée,500,CMB,Economies,01/04/2026,118,2780,2212,27147,1485,,4,2026,,"500,00",0,,0,118,500,0,,3298,2780
Sortie,87,BB,Caf,03/04/2026,118,2780,2125,27147,1485,,4,2026,,"0,00",87,,-87,118,0,0,,3298,2780
Sortie,911,BB,Réparation 4L,03/04/2026,118,2780,1214,27147,1485,,4,2026,,"0,00",911,,-911,118,0,0,,3298,2780
Sortie,11,BB,Repas aéroport ,03/04/2026,118,2780,1203,27147,1485,,4,2026,,"0,00",11,,-11,118,0,0,,3298,2780
Sortie,100,BB,Weekend Rome JuJu 🧡 ,04/04/2026,118,2780,1103,27147,1485,,4,2026,,"0,00",100,,-100,118,0,0,,3298,2780
Sortie,300,CMB,Aide contre réparation 4L,05/04/2026,118,2780,1103,26847,1485,,4,2026,,"0,00",300,,0,118,-300,0,,3298,2780
Entrée,300,BB,Aide contre réparation 4L,05/04/2026,118,2780,1403,26847,1485,,4,2026,,"300,00",0,,300,118,0,0,,3298,2780
Sortie,53,BB,Compte commun 🧡x💙,05/04/2026,118,2780,1350,26847,1485,,4,2026,,"0,00",53,,-53,118,0,0,,3298,2780
Sortie,16,BB,Ticket Rome - aéroport,06/04/2026,118,2780,1334,26847,1485,,4,2026,,"0,00",16,,-16,118,0,0,,3298,2780
Sortie,6,BB,Mcdo,07/04/2026,118,2780,1328,26847,1485,,4,2026,,"0,00",6,,-6,118,0,0,,3298,2780
Sortie,41,BB,Essence ,08/04/2026,118,2780,1287,26847,1485,,4,2026,,"0,00",41,,-41,118,0,0,,3298,2780
Sortie,25,BB,Resto,10/04/2026,118,2780,1262,26847,1485,,4,2026,,"0,00",25,,-25,118,0,0,,3298,2780
Sortie,390,BB,Avion JuJu mai 🧡 ,11/04/2026,118,2780,872,26847,1485,,4,2026,,"0,00",390,,-390,118,0,0,,3298,2780
Sortie,42,BB,Ampoule lol,12/04/2026,118,2780,830,26847,1485,,4,2026,,"0,00",42,,-42,118,0,0,,3298,2780
Sortie,19,BB,Mcdo ,13/04/2026,118,2780,811,26847,1485,,4,2026,,"0,00",19,,-19,118,0,0,,3298,2780
Sortie,64,BB,Escape game bande de fumiers ,13/04/2026,118,2780,747,26847,1485,,4,2026,,"0,00",64,,-64,118,0,0,,3298,2780
Entrée,500,BB,Cadeau papa et maman,13/04/2026,118,2780,1247,26847,1485,,4,2026,,"500,00",0,,500,118,0,0,,3298,2780
Sortie,5,BB,Parking bande de fumiers,18/04/2026,118,2780,1242,26847,1485,,4,2026,,"0,00",5,,-5,118,0,0,,3298,2780
Sortie,10,BB,Forfait téléphonique ,18/04/2026,118,2780,1232,26847,1485,,4,2026,,"0,00",10,,-10,118,0,0,,3298,2780
,,,,,0,0,1232,26847,1485,,12,1899,,"0,00",0,,0,0,0,0,,0,0
,,,,,0,0,1232,26847,1485,,12,1899,,"0,00",0,,0,0,0,0,,0,0
,,,,,0,0,1232,26847,1485,,12,1899,,"0,00",0,,0,0,0,0,,0,0
,,,,,0,0,1232,26847,1485,,12,1899,,"0,00",0,,0,0,0,0,,0,0
,,,,,0,0,1232,26847,1485,,12,1899,,"0,00",0,,0,0,0,0,,0,0
,,,,,0,0,1232,26847,1485,,12,1899,,"0,00",0,,0,0,0,0,,0,0
,,,,,0,0,1232,26847,1485,,12,1899,,"0,00",0,,0,0,0,0,,0,0
,,,,,0,0,1232,26847,1485,,12,1899,,"0,00",0,,0,0,0,0,,0,0
,,,,,0,0,1232,26847,1485,,12,1899,,"0,00",0,,0,0,0,0,,0,0
,,,,,0,0,1232,26847,1485,,12,1899,,"0,00",0,,0,0,0,0,,0,0
,,,,,0,0,1232,26847,1485,,12,1899,,"0,00",0,,0,0,0,0,,0,0
,,,,,0,0,1232,26847,1485,,12,1899,,"0,00",0,,0,0,0,0,,0,0
,,,,,0,0,1232,26847,1485,,12,1899,,"0,00",0,,0,0,0,0,,0,0
,,,,,0,0,1232,26847,1485,,12,1899,,"0,00",0,,0,0,0,0,,0,0
,,,,,0,0,1232,26847,1485,,12,1899,,"0,00",0,,0,0,0,0,,0,0
,,,,,0,0,1232,26847,1485,,12,1899,,"0,00",0,,0,0,0,0,,0,0
,,,,,0,0,1232,26847,1485,,12,1899,,"0,00",0,,0,0,0,0,,0,0
,,,,,0,0,1232,26847,1485,,12,1899,,"0,00",0,,0,0,0,0,,0,0
,,,,,0,0,1232,26847,1485,,12,1899,,"0,00",0,,0,0,0,0,,0,0
,,,,,0,0,1232,26847,1485,,12,1899,,"0,00",0,,0,0,0,0,,0,0
,,,,,0,0,1232,26847,1485,,12,1899,,"0,00",0,,0,0,0,0,,0,0
,,,,,0,0,1232,26847,1485,,12,1899,,"0,00",0,,0,0,0,0,,0,0
,,,,,0,0,1232,26847,1485,,12,1899,,"0,00",0,,0,0,0,0,,0,0
,,,,,0,0,1232,26847,1485,,12,1899,,"0,00",0,,0,0,0,0,,0,0
,,,,,0,0,1232,26847,1485,,12,1899,,"0,00",0,,0,0,0,0,,0,0
,,,,,0,0,1232,26847,1485,,12,1899,,"0,00",0,,0,0,0,0,,0,0
,,,,,0,0,1232,26847,1485,,12,1899,,"0,00",0,,0,0,0,0,,0,0
,,,,,0,0,1232,26847,1485,,12,1899,,"0,00",0,,0,0,0,0,,0,0
,,,,,0,0,1232,26847,1485,,12,1899,,"0,00",0,,0,0,0,0,,0,0
,,,,,0,0,1232,26847,1485,,12,1899,,"0,00",0,,0,0,0,0,,0,0
,,,,,0,0,1232,26847,1485,,12,1899,,"0,00",0,,0,0,0,0,,0,0
,,,,,0,0,1232,26847,1485,,12,1899,,"0,00",0,,0,0,0,0,,0,0
,,,,,0,0,1232,26847,1485,,12,1899,,"0,00",0,,0,0,0,0,,0,0
,,,,,0,0,1232,26847,1485,,12,1899,,"0,00",0,,0,0,0,0,,0,0
,,,,,0,0,1232,26847,1485,,12,1899,,"0,00",0,,0,0,0,0,,0,0
,,,,,0,0,1232,26847,1485,,12,1899,,"0,00",0,,0,0,0,0,,0,0
,,,,,0,0,1232,26847,1485,,12,1899,,"0,00",0,,0,0,0,0,,0,0
,,,,,0,0,1232,26847,1485,,12,1899,,"0,00",0,,0,0,0,0,,0,0
,,,,,0,0,1232,26847,1485,,12,1899,,"0,00",0,,0,0,0,0,,0,0
,,,,,0,0,1232,26847,1485,,12,1899,,"0,00",0,,0,0,0,0,,0,0
,,,,,0,0,1232,26847,1485,,12,1899,,"0,00",0,,0,0,0,0,,0,0
,,,,,0,0,1232,26847,1485,,12,1899,,"0,00",0,,0,0,0,0,,0,0
,,,,,0,0,1232,26847,1485,,12,1899,,"0,00",0,,0,0,0,0,,0,0
,,,,,0,0,1232,26847,1485,,12,1899,,"0,00",0,,0,0,0,0,,0,0
,,,,,0,0,1232,26847,1485,,12,1899,,"0,00",0,,0,0,0,0,,0,0
,,,,,0,0,1232,26847,1485,,12,1899,,"0,00",0,,0,0,0,0,,0,0
,,,,,0,0,1232,26847,1485,,12,1899,,"0,00",0,,0,0,0,0,,0,0
,,,,,0,0,1232,26847,1485,,12,1899,,"0,00",0,,0,0,0,0,,0,0
,,,,,0,0,1232,26847,1485,,12,1899,,"0,00",0,,0,0,0,0,,0,0
,,,,,0,0,1232,26847,1485,,12,1899,,"0,00",0,,0,0,0,0,,0,0
,,,,,0,0,1232,26847,1485,,12,1899,,"0,00",0,,0,0,0,0,,0,0
,,,,,0,0,1232,26847,1485,,12,1899,,"0,00",0,,0,0,0,0,,0,0
,,,,,0,0,1232,26847,1485,,12,1899,,"0,00",0,,0,0,0,0,,0,0
,,,,,0,0,1232,26847,1485,,12,1899,,"0,00",0,,0,0,0,0,,0,0
,,,,,0,0,1232,26847,1485,,12,1899,,"0,00",0,,0,0,0,0,,0,0
,,,,,0,0,1232,26847,1485,,12,1899,,"0,00",0,,0,0,0,0,,0,0
,,,,,0,0,1232,26847,1485,,12,1899,,"0,00",0,,0,0,0,0,,0,0
,,,,,0,0,1232,26847,1485,,12,1899,,"0,00",0,,0,0,0,0,,0,0
,,,,,0,0,1232,26847,1485,,12,1899,,"0,00",0,,0,0,0,0,,0,0
,,,,,0,0,1232,26847,1485,,12,1899,,"0,00",0,,0,0,0,0,,0,0
,,,,,0,0,1232,26847,1485,,12,1899,,"0,00",0,,0,0,0,0,,0,0
,,,,,0,0,1232,26847,1485,,12,1899,,"0,00",0,,0,0,0,0,,0,0
,,,,,0,0,1232,26847,1485,,12,1899,,"0,00",0,,0,0,0,0,,0,0
,,,,,0,0,1232,26847,1485,,12,1899,,"0,00",0,,0,0,0,0,,0,0
,,,,,0,0,1232,26847,1485,,12,1899,,"0,00",0,,0,0,0,0,,0,0
,,,,,0,0,1232,26847,1485,,12,1899,,"0,00",0,,0,0,0,0,,0,0
,,,,,0,0,1232,26847,1485,,12,1899,,"0,00",0,,0,0,0,0,,0,0
,,,,,0,0,1232,26847,1485,,12,1899,,"0,00",0,,0,0,0,0,,0,0
,,,,,0,0,1232,26847,1485,,12,1899,,"0,00",0,,0,0,0,0,,0,0
,,,,,0,0,1232,26847,1485,,12,1899,,"0,00",0,,0,0,0,0,,0,0
,,,,,0,0,1232,26847,1485,,12,1899,,"0,00",0,,0,0,0,0,,0,0
,,,,,0,0,1232,26847,1485,,12,1899,,"0,00",0,,0,0,0,0,,0,0
,,,,,0,0,1232,26847,1485,,12,1899,,"0,00",0,,0,0,0,0,,0,0
,,,,,0,0,1232,26847,1485,,12,1899,,"0,00",0,,0,0,0,0,,0,0
,,,,,0,0,1232,26847,1485,,12,1899,,"0,00",0,,0,0,0,0,,0,0
,,,,,0,0,1232,26847,1485,,12,1899,,"0,00",0,,0,0,0,0,,0,0
,,,,,0,0,1232,26847,1485,,12,1899,,"0,00",0,,0,0,0,0,,0,0
,,,,,0,0,1232,26847,1485,,12,1899,,"0,00",0,,0,0,0,0,,0,0
,,,,,0,0,1232,26847,1485,,12,1899,,"0,00",0,,0,0,0,0,,0,0
,,,,,0,0,1232,26847,1485,,12,1899,,"0,00",0,,0,0,0,0,,0,0
,,,,,0,0,1232,26847,1485,,12,1899,,"0,00",0,,0,0,0,0,,0,0
,,,,,0,0,1232,26847,1485,,12,1899,,"0,00",0,,0,0,0,0,,0,0
,,,,,0,0,1232,26847,1485,,12,1899,,"0,00",0,,0,0,0,0,,0,0
,,,,,0,0,1232,26847,1485,,12,1899,,"0,00",0,,0,0,0,0,,0,0
,,,,,0,0,1232,26847,1485,,12,1899,,"0,00",0,,0,0,0,0,,0,0
,,,,,0,0,1232,26847,1485,,12,1899,,"0,00",0,,0,0,0,0,,0,0
,,,,,0,0,1232,26847,1485,,12,1899,,"0,00",0,,0,0,0,0,,0,0
,,,,,0,0,1232,26847,1485,,12,1899,,"0,00",0,,0,0,0,0,,0,0
,,,,,0,0,1232,26847,1485,,12,1899,,"0,00",0,,0,0,0,0,,0,0
,,,,,0,0,1232,26847,1485,,12,1899,,"0,00",0,,0,0,0,0,,0,0
,,,,,0,0,1232,26847,1485,,12,1899,,"0,00",0,,0,0,0,0,,0,0
,,,,,0,0,1232,26847,1485,,12,1899,,"0,00",0,,0,0,0,0,,0,0
,,,,,0,0,1232,26847,1485,,12,1899,,"0,00",0,,0,0,0,0,,0,0
,,,,,0,0,1232,26847,1485,,12,1899,,"0,00",0,,0,0,0,0,,0,0
,,,,,0,0,1232,26847,1485,,12,1899,,"0,00",0,,0,0,0,0,,0,0
,,,,,0,0,1232,26847,1485,,12,1899,,"0,00",0,,0,0,0,0,,0,0
,,,,,0,0,1232,26847,1485,,12,1899,,"0,00",0,,0,0,0,0,,0,0
,,,,,0,0,1232,26847,1485,,12,1899,,"0,00",0,,0,0,0,0,,0,0
,,,,,0,0,1232,26847,1485,,12,1899,,"0,00",0,,0,0,0,0,,0,0
,,,,,0,0,1232,26847,1485,,12,1899,,"0,00",0,,0,0,0,0,,0,0
,,,,,0,0,1232,26847,1485,,12,1899,,"0,00",0,,0,0,0,0,,0,0
,,,,,0,0,1232,26847,1485,,12,1899,,"0,00",0,,0,0,0,0,,0,0
,,,,,0,0,1232,26847,1485,,12,1899,,"0,00",0,,0,0,0,0,,0,0
,,,,,0,0,1232,26847,1485,,12,1899,,"0,00",0,,0,0,0,0,,0,0
,,,,,0,0,1232,26847,1485,,12,1899,,"0,00",0,,0,0,0,0,,0,0
,,,,,0,0,1232,26847,1485,,12,1899,,"0,00",0,,0,0,0,0,,0,0
,,,,,0,0,1232,26847,1485,,12,1899,,"0,00",0,,0,0,0,0,,0,0
,,,,,0,0,1232,26847,1485,,12,1899,,"0,00",0,,0,0,0,0,,0,0
,,,,,0,0,1232,26847,1485,,12,1899,,"0,00",0,,0,0,0,0,,0,0
,,,,,0,0,1232,26847,1485,,12,1899,,"0,00",0,,0,0,0,0,,0,0
,,,,,0,0,1232,26847,1485,,12,1899,,"0,00",0,,0,0,0,0,,0,0
,,,,,0,0,1232,26847,1485,,12,1899,,"0,00",0,,0,0,0,0,,0,0
,,,,,0,0,1232,26847,1485,,12,1899,,"0,00",0,,0,0,0,0,,0,0
,,,,,0,0,1232,26847,1485,,12,1899,,"0,00",0,,0,0,0,0,,0,0
,,,,,0,0,1232,26847,1485,,12,1899,,"0,00",0,,0,0,0,0,,0,0
,,,,,0,0,1232,26847,1485,,12,1899,,"0,00",0,,0,0,0,0,,0,0
,,,,,0,0,1232,26847,1485,,12,1899,,"0,00",0,,0,0,0,0,,0,0
,,,,,0,0,1232,26847,1485,,12,1899,,"0,00",0,,0,0,0,0,,0,0
,,,,,0,0,1232,26847,1485,,12,1899,,"0,00",0,,0,0,0,0,,0,0
,,,,,0,0,1232,26847,1485,,12,1899,,"0,00",0,,0,0,0,0,,0,0
,,,,,0,0,1232,26847,1485,,12,1899,,"0,00",0,,0,0,0,0,,0,0
,,,,,0,0,1232,26847,1485,,12,1899,,"0,00",0,,0,0,0,0,,0,0
,,,,,0,0,1232,26847,1485,,12,1899,,"0,00",0,,0,0,0,0,,0,0
,,,,,0,0,1232,26847,1485,,12,1899,,"0,00",0,,0,0,0,0,,0,0
,,,,,0,0,1232,26847,1485,,12,1899,,"0,00",0,,0,0,0,0,,0,0
,,,,,0,0,1232,26847,1485,,12,1899,,"0,00",0,,0,0,0,0,,0,0
,,,,,0,0,1232,26847,1485,,12,1899,,"0,00",0,,0,0,0,0,,0,0
,,,,,0,0,1232,26847,1485,,12,1899,,"0,00",0,,0,0,0,0,,0,0
,,,,,0,0,1232,26847,1485,,12,1899,,"0,00",0,,0,0,0,0,,0,0
,,,,,0,0,1232,26847,1485,,12,1899,,"0,00",0,,0,0,0,0,,0,0
,,,,,0,0,1232,26847,1485,,12,1899,,"0,00",0,,0,0,0,0,,0,0
,,,,,0,0,1232,26847,1485,,12,1899,,"0,00",0,,0,0,0,0,,0,0
,,,,,0,0,1232,26847,1485,,12,1899,,"0,00",0,,0,0,0,0,,0,0
,,,,,0,0,1232,26847,1485,,12,1899,,"0,00",0,,0,0,0,0,,0,0
,,,,,0,0,1232,26847,1485,,12,1899,,"0,00",0,,0,0,0,0,,0,0
,,,,,0,0,1232,26847,1485,,12,1899,,"0,00",0,,0,0,0,0,,0,0
,,,,,0,0,1232,26847,1485,,12,1899,,"0,00",0,,0,0,0,0,,0,0
,,,,,0,0,1232,26847,1485,,12,1899,,"0,00",0,,0,0,0,0,,0,0
,,,,,0,0,1232,26847,1485,,12,1899,,"0,00",0,,0,0,0,0,,0,0
,,,,,0,0,1232,26847,1485,,12,1899,,"0,00",0,,0,0,0,0,,0,0
,,,,,0,0,1232,26847,1485,,12,1899,,"0,00",0,,0,0,0,0,,0,0
,,,,,0,0,1232,26847,1485,,12,1899,,"0,00",0,,0,0,0,0,,0,0
,,,,,0,0,1232,26847,1485,,12,1899,,"0,00",0,,0,0,0,0,,0,0
,,,,,0,0,1232,26847,1485,,12,1899,,"0,00",0,,0,0,0,0,,0,0
,,,,,0,0,1232,26847,1485,,12,1899,,"0,00",0,,0,0,0,0,,0,0
,,,,,0,0,1232,26847,1485,,12,1899,,"0,00",0,,0,0,0,0,,0,0
,,,,,0,0,1232,26847,1485,,12,1899,,"0,00",0,,0,0,0,0,,0,0
,,,,,0,0,1232,26847,1485,,12,1899,,"0,00",0,,0,0,0,0,,0,0
,,,,,0,0,1232,26847,1485,,12,1899,,"0,00",0,,0,0,0,0,,0,0
,,,,,0,0,1232,26847,1485,,12,1899,,"0,00",0,,0,0,0,0,,0,0
,,,,,0,0,1232,26847,1485,,12,1899,,"0,00",0,,0,0,0,0,,0,0
,,,,,0,0,1232,26847,1485,,12,1899,,"0,00",0,,0,0,0,0,,0,0
,,,,,0,0,1232,26847,1485,,12,1899,,"0,00",0,,0,0,0,0,,0,0
,,,,,0,0,1232,26847,1485,,12,1899,,"0,00",0,,0,0,0,0,,0,0
,,,,,0,0,1232,26847,1485,,12,1899,,"0,00",0,,0,0,0,0,,0,0
,,,,,0,0,1232,26847,1485,,12,1899,,"0,00",0,,0,0,0,0,,0,0
,,,,,0,0,1232,26847,1485,,12,1899,,"0,00",0,,0,0,0,0,,0,0
,,,,,0,0,1232,26847,1485,,12,1899,,"0,00",0,,0,0,0,0,,0,0
,,,,,0,0,1232,26847,1485,,12,1899,,"0,00",0,,0,0,0,0,,0,0
,,,,,0,0,1232,26847,1485,,12,1899,,"0,00",0,,0,0,0,0,,0,0
,,,,,0,0,1232,26847,1485,,12,1899,,"0,00",0,,0,0,0,0,,0,0
,,,,,0,0,1232,26847,1485,,12,1899,,"0,00",0,,0,0,0,0,,0,0
,,,,,0,0,1232,26847,1485,,12,1899,,"0,00",0,,0,0,0,0,,0,0
,,,,,0,0,1232,26847,1485,,12,1899,,"0,00",0,,0,0,0,0,,0,0
,,,,,0,0,1232,26847,1485,,12,1899,,"0,00",0,,0,0,0,0,,0,0
,,,,,0,0,1232,26847,1485,,12,1899,,"0,00",0,,0,0,0,0,,0,0
,,,,,0,0,1232,26847,1485,,12,1899,,"0,00",0,,0,0,0,0,,0,0
,,,,,0,0,1232,26847,1485,,12,1899,,"0,00",0,,0,0,0,0,,0,0
,,,,,0,0,1232,26847,1485,,12,1899,,"0,00",0,,0,0,0,0,,0,0
,,,,,0,0,1232,26847,1485,,12,1899,,"0,00",0,,0,0,0,0,,0,0
,,,,,0,0,1232,26847,1485,,12,1899,,"0,00",0,,0,0,0,0,,0,0
,,,,,0,0,1232,26847,1485,,12,1899,,"0,00",0,,0,0,0,0,,0,0
,,,,,0,0,1232,26847,1485,,12,1899,,"0,00",0,,0,0,0,0,,0,0
,,,,,0,0,1232,26847,1485,,12,1899,,"0,00",0,,0,0,0,0,,0,0
,,,,,0,0,1232,26847,1485,,12,1899,,"0,00",0,,0,0,0,0,,0,0
,,,,,0,0,1232,26847,1485,,12,1899,,"0,00",0,,0,0,0,0,,0,0
,,,,,0,0,1232,26847,1485,,12,1899,,"0,00",0,,0,0,0,0,,0,0
,,,,,0,0,1232,26847,1485,,12,1899,,"0,00",0,,0,0,0,0,,0,0
,,,,,0,0,1232,26847,1485,,12,1899,,"0,00",0,,0,0,0,0,,0,0
,,,,,0,0,1232,26847,1485,,12,1899,,"0,00",0,,0,0,0,0,,0,0
,,,,,0,0,1232,26847,1485,,12,1899,,"0,00",0,,0,0,0,0,,0,0
,,,,,0,0,1232,26847,1485,,12,1899,,"0,00",0,,0,0,0,0,,0,0
,,,,,0,0,1232,26847,1485,,12,1899,,"0,00",0,,0,0,0,0,,0,0
,,,,,0,0,1232,26847,1485,,12,1899,,"0,00",0,,0,0,0,0,,0,0
,,,,,0,0,1232,26847,1485,,12,1899,,"0,00",0,,0,0,0,0,,0,0
,,,,,0,0,1232,26847,1485,,12,1899,,"0,00",0,,0,0,0,0,,0,0
,,,,,0,0,1232,26847,1485,,12,1899,,"0,00",0,,0,0,0,0,,0,0
,,,,,0,0,1232,26847,1485,,12,1899,,"0,00",0,,0,0,0,0,,0,0
,,,,,0,0,1232,26847,1485,,12,1899,,"0,00",0,,0,0,0,0,,0,0
,,,,,0,0,1232,26847,1485,,12,1899,,"0,00",0,,0,0,0,0,,0,0
,,,,,0,0,1232,26847,1485,,12,1899,,"0,00",0,,0,0,0,0,,0,0
,,,,,0,0,1232,26847,1485,,12,1899,,"0,00",0,,0,0,0,0,,0,0
,,,,,0,0,1232,26847,1485,,12,1899,,"0,00",0,,0,0,0,0,,0,0
,,,,,0,0,1232,26847,1485,,12,1899,,"0,00",0,,0,0,0,0,,0,0
,,,,,0,0,1232,26847,1485,,12,1899,,"0,00",0,,0,0,0,0,,0,0
,,,,,0,0,1232,26847,1485,,12,1899,,"0,00",0,,0,0,0,0,,0,0
,,,,,0,0,1232,26847,1485,,12,1899,,"0,00",0,,0,0,0,0,,0,0
,,,,,0,0,1232,26847,1485,,12,1899,,"0,00",0,,0,0,0,0,,0,0
,,,,,0,0,1232,26847,1485,,12,1899,,"0,00",0,,0,0,0,0,,0,0
,,,,,0,0,1232,26847,1485,,12,1899,,"0,00",0,,0,0,0,0,,0,0
,,,,,0,0,1232,26847,1485,,12,1899,,"0,00",0,,0,0,0,0,,0,0
,,,,,0,0,1232,26847,1485,,12,1899,,"0,00",0,,0,0,0,0,,0,0
,,,,,0,0,1232,26847,1485,,12,1899,,"0,00",0,,0,0,0,0,,0,0
,,,,,0,0,1232,26847,1485,,12,1899,,"0,00",0,,0,0,0,0,,0,0
,,,,,0,0,1232,26847,1485,,12,1899,,"0,00",0,,0,0,0,0,,0,0
,,,,,0,0,1232,26847,1485,,12,1899,,"0,00",0,,0,0,0,0,,0,0
,,,,,0,0,1232,26847,1485,,12,1899,,"0,00",0,,0,0,0,0,,0,0
,,,,,0,0,1232,26847,1485,,12,1899,,"0,00",0,,0,0,0,0,,0,0
,,,,,0,0,1232,26847,1485,,12,1899,,"0,00",0,,0,0,0,0,,0,0
,,,,,0,0,1232,26847,1485,,12,1899,,"0,00",0,,0,0,0,0,,0,0
,,,,,0,0,1232,26847,1485,,12,1899,,"0,00",0,,0,0,0,0,,0,0
,,,,,0,0,1232,26847,1485,,12,1899,,"0,00",0,,0,0,0,0,,0,0
,,,,,0,0,1232,26847,1485,,12,1899,,"0,00",0,,0,0,0,0,,0,0
,,,,,0,0,1232,26847,1485,,12,1899,,"0,00",0,,0,0,0,0,,0,0
,,,,,0,0,1232,26847,1485,,12,1899,,"0,00",0,,0,0,0,0,,0,0
,,,,,0,0,1232,26847,1485,,12,1899,,"0,00",0,,0,0,0,0,,0,0
,,,,,0,0,1232,26847,1485,,12,1899,,"0,00",0,,0,0,0,0,,0,0
,,,,,0,0,1232,26847,1485,,12,1899,,"0,00",0,,0,0,0,0,,0,0
,,,,,0,0,1232,26847,1485,,12,1899,,"0,00",0,,0,0,0,0,,0,0
,,,,,0,0,1232,26847,1485,,12,1899,,"0,00",0,,0,0,0,0,,0,0
,,,,,0,0,1232,26847,1485,,12,1899,,"0,00",0,,0,0,0,0,,0,0
,,,,,0,0,1232,26847,1485,,12,1899,,"0,00",0,,0,0,0,0,,0,0
,,,,,0,0,1232,26847,1485,,12,1899,,"0,00",0,,0,0,0,0,,0,0
,,,,,0,0,1232,26847,1485,,12,1899,,"0,00",0,,0,0,0,0,,0,0
,,,,,0,0,1232,26847,1485,,12,1899,,"0,00",0,,0,0,0,0,,0,0
,,,,,0,0,1232,26847,1485,,12,1899,,"0,00",0,,0,0,0,0,,0,0
,,,,,0,0,1232,26847,1485,,12,1899,,"0,00",0,,0,0,0,0,,0,0
,,,,,0,0,1232,26847,1485,,12,1899,,"0,00",0,,0,0,0,0,,0,0
,,,,,0,0,1232,26847,1485,,12,1899,,"0,00",0,,0,0,0,0,,0,0
,,,,,0,0,1232,26847,1485,,12,1899,,"0,00",0,,0,0,0,0,,0,0
,,,,,0,0,1232,26847,1485,,12,1899,,"0,00",0,,0,0,0,0,,0,0
,,,,,0,0,1232,26847,1485,,12,1899,,"0,00",0,,0,0,0,0,,0,0
,,,,,0,0,1232,26847,1485,,12,1899,,"0,00",0,,0,0,0,0,,0,0
,,,,,0,0,1232,26847,1485,,12,1899,,"0,00",0,,0,0,0,0,,0,0
,,,,,0,0,1232,26847,1485,,12,1899,,"0,00",0,,0,0,0,0,,0,0
,,,,,0,0,1232,26847,1485,,12,1899,,"0,00",0,,0,0,0,0,,0,0
,,,,,0,0,1232,26847,1485,,12,1899,,"0,00",0,,0,0,0,0,,0,0
,,,,,0,0,1232,26847,1485,,12,1899,,"0,00",0,,0,0,0,0,,0,0
,,,,,0,0,1232,26847,1485,,12,1899,,"0,00",0,,0,0,0,0,,0,0
,,,,,0,0,1232,26847,1485,,12,1899,,"0,00",0,,0,0,0,0,,0,0
,,,,,0,0,1232,26847,1485,,12,1899,,"0,00",0,,0,0,0,0,,0,0
,,,,,0,0,1232,26847,1485,,12,1899,,"0,00",0,,0,0,0,0,,0,0
,,,,,0,0,1232,26847,1485,,12,1899,,"0,00",0,,0,0,0,0,,0,0
,,,,,0,0,1232,26847,1485,,12,1899,,"0,00",0,,0,0,0,0,,0,0
,,,,,0,0,1232,26847,1485,,12,1899,,"0,00",0,,0,0,0,0,,0,0
,,,,,0,0,1232,26847,1485,,12,1899,,"0,00",0,,0,0,0,0,,0,0
,,,,,0,0,1232,26847,1485,,12,1899,,"0,00",0,,0,0,0,0,,0,0
,,,,,0,0,1232,26847,1485,,12,1899,,"0,00",0,,0,0,0,0,,0,0
,,,,,0,0,1232,26847,1485,,12,1899,,"0,00",0,,0,0,0,0,,0,0
,,,,,0,0,1232,26847,1485,,12,1899,,"0,00",0,,0,0,0,0,,0,0
,,,,,0,0,1232,26847,1485,,12,1899,,"0,00",0,,0,0,0,0,,0,0
,,,,,0,0,1232,26847,1485,,12,1899,,"0,00",0,,0,0,0,0,,0,0
,,,,,0,0,1232,26847,1485,,12,1899,,"0,00",0,,0,0,0,0,,0,0
,,,,,0,0,1232,26847,1485,,12,1899,,"0,00",0,,0,0,0,0,,0,0
,,,,,0,0,1232,26847,1485,,12,1899,,"0,00",0,,0,0,0,0,,0,0
,,,,,0,0,1232,26847,1485,,12,1899,,"0,00",0,,0,0,0,0,,0,0
,,,,,0,0,1232,26847,1485,,12,1899,,"0,00",0,,0,0,0,0,,0,0
,,,,,0,0,1232,26847,1485,,12,1899,,"0,00",0,,0,0,0,0,,0,0
,,,,,0,0,1232,26847,1485,,12,1899,,"0,00",0,,0,0,0,0,,0,0
,,,,,0,0,1232,26847,1485,,12,1899,,"0,00",0,,0,0,0,0,,0,0
,,,,,0,0,1232,26847,1485,,12,1899,,"0,00",0,,0,0,0,0,,0,0
,,,,,0,0,1232,26847,1485,,12,1899,,"0,00",0,,0,0,0,0,,0,0
,,,,,0,0,1232,26847,1485,,12,1899,,"0,00",0,,0,0,0,0,,0,0
,,,,,0,0,1232,26847,1485,,12,1899,,"0,00",0,,0,0,0,0,,0,0
,,,,,0,0,1232,26847,1485,,12,1899,,"0,00",0,,0,0,0,0,,0,0
,,,,,0,0,1232,26847,1485,,12,1899,,"0,00",0,,0,0,0,0,,0,0
,,,,,0,0,1232,26847,1485,,12,1899,,"0,00",0,,0,0,0,0,,0,0
,,,,,0,0,1232,26847,1485,,12,1899,,"0,00",0,,0,0,0,0,,0,0
,,,,,0,0,1232,26847,1485,,12,1899,,"0,00",0,,0,0,0,0,,0,0
,,,,,0,0,1232,26847,1485,,12,1899,,"0,00",0,,0,0,0,0,,0,0
,,,,,0,0,1232,26847,1485,,12,1899,,"0,00",0,,0,0,0,0,,0,0
,,,,,0,0,1232,26847,1485,,12,1899,,"0,00",0,,0,0,0,0,,0,0
,,,,,0,0,1232,26847,1485,,12,1899,,"0,00",0,,0,0,0,0,,0,0
,,,,,0,0,1232,26847,1485,,12,1899,,"0,00",0,,0,0,0,0,,0,0
,,,,,0,0,1232,26847,1485,,12,1899,,"0,00",0,,0,0,0,0,,0,0
,,,,,0,0,1232,26847,1485,,12,1899,,"0,00",0,,0,0,0,0,,0,0
,,,,,0,0,1232,26847,1485,,12,1899,,"0,00",0,,0,0,0,0,,0,0
,,,,,0,0,1232,26847,1485,,12,1899,,"0,00",0,,0,0,0,0,,0,0
,,,,,0,0,1232,26847,1485,,12,1899,,"0,00",0,,0,0,0,0,,0,0
,,,,,0,0,1232,26847,1485,,12,1899,,"0,00",0,,0,0,0,0,,0,0
,,,,,0,0,1232,26847,1485,,12,1899,,"0,00",0,,0,0,0,0,,0,0
,,,,,0,0,1232,26847,1485,,12,1899,,"0,00",0,,0,0,0,0,,0,0
,,,,,0,0,1232,26847,1485,,12,1899,,"0,00",0,,0,0,0,0,,0,0
,,,,,0,0,1232,26847,1485,,12,1899,,"0,00",0,,0,0,0,0,,0,0
,,,,,0,0,1232,26847,1485,,12,1899,,"0,00",0,,0,0,0,0,,0,0
,,,,,0,0,1232,26847,1485,,12,1899,,"0,00",0,,0,0,0,0,,0,0
,,,,,0,0,1232,26847,1485,,12,1899,,"0,00",0,,0,0,0,0,,0,0
,,,,,0,0,1232,26847,1485,,12,1899,,"0,00",0,,0,0,0,0,,0,0
,,,,,0,0,1232,26847,1485,,12,1899,,"0,00",0,,0,0,0,0,,0,0
,,,,,0,0,1232,26847,1485,,12,1899,,"0,00",0,,0,0,0,0,,0,0
,,,,,0,0,1232,26847,1485,,12,1899,,"0,00",0,,0,0,0,0,,0,0
,,,,,0,0,1232,26847,1485,,12,1899,,"0,00",0,,0,0,0,0,,0,0
,,,,,0,0,1232,26847,1485,,12,1899,,"0,00",0,,0,0,0,0,,0,0
,,,,,0,0,1232,26847,1485,,12,1899,,"0,00",0,,0,0,0,0,,0,0
,,,,,0,0,1232,26847,1485,,12,1899,,"0,00",0,,0,0,0,0,,0,0
,,,,,0,0,1232,26847,1485,,12,1899,,"0,00",0,,0,0,0,0,,0,0
,,,,,0,0,1232,26847,1485,,12,1899,,"0,00",0,,0,0,0,0,,0,0
,,,,,0,0,1232,26847,1485,,12,1899,,"0,00",0,,0,0,0,0,,0,0
,,,,,0,0,1232,26847,1485,,12,1899,,"0,00",0,,0,0,0,0,,0,0
,,,,,0,0,1232,26847,1485,,12,1899,,"0,00",0,,0,0,0,0,,0,0
,,,,,0,0,1232,26847,1485,,12,1899,,"0,00",0,,0,0,0,0,,0,0
,,,,,0,0,1232,26847,1485,,12,1899,,"0,00",0,,0,0,0,0,,0,0
,,,,,0,0,1232,26847,1485,,12,1899,,"0,00",0,,0,0,0,0,,0,0
,,,,,0,0,1232,26847,1485,,12,1899,,"0,00",0,,0,0,0,0,,0,0
,,,,,0,0,1232,26847,1485,,12,1899,,"0,00",0,,0,0,0,0,,0,0
,,,,,0,0,1232,26847,1485,,12,1899,,"0,00",0,,0,0,0,0,,0,0
,,,,,0,0,1232,26847,1485,,12,1899,,"0,00",0,,0,0,0,0,,0,0
,,,,,0,0,1232,26847,1485,,12,1899,,"0,00",0,,0,0,0,0,,0,0
,,,,,0,0,1232,26847,1485,,12,1899,,"0,00",0,,0,0,0,0,,0,0
,,,,,0,0,1232,26847,1485,,12,1899,,"0,00",0,,0,0,0,0,,0,0
,,,,,0,0,1232,26847,1485,,12,1899,,"0,00",0,,0,0,0,0,,0,0
,,,,,0,0,1232,26847,1485,,12,1899,,"0,00",0,,0,0,0,0,,0,0
,,,,,0,0,1232,26847,1485,,12,1899,,"0,00",0,,0,0,0,0,,0,0
,,,,,0,0,1232,26847,1485,,12,1899,,"0,00",0,,0,0,0,0,,0,0
,,,,,0,0,1232,26847,1485,,12,1899,,"0,00",0,,0,0,0,0,,0,0
,,,,,0,0,1232,26847,1485,,12,1899,,"0,00",0,,0,0,0,0,,0,0
,,,,,0,0,1232,26847,1485,,12,1899,,"0,00",0,,0,0,0,0,,0,0
,,,,,0,0,1232,26847,1485,,12,1899,,"0,00",0,,0,0,0,0,,0,0
,,,,,0,0,1232,26847,1485,,12,1899,,"0,00",0,,0,0,0,0,,0,0
,,,,,0,0,1232,26847,1485,,12,1899,,"0,00",0,,0,0,0,0,,0,0
,,,,,0,0,1232,26847,1485,,12,1899,,"0,00",0,,0,0,0,0,,0,0
,,,,,0,0,1232,26847,1485,,12,1899,,"0,00",0,,0,0,0,0,,0,0
,,,,,0,0,1232,26847,1485,,12,1899,,"0,00",0,,0,0,0,0,,0,0
,,,,,0,0,1232,26847,1485,,12,1899,,"0,00",0,,0,0,0,0,,0,0
,,,,,0,0,1232,26847,1485,,12,1899,,"0,00",0,,0,0,0,0,,0,0
,,,,,0,0,1232,26847,1485,,12,1899,,"0,00",0,,0,0,0,0,,0,0
,,,,,0,0,1232,26847,1485,,12,1899,,"0,00",0,,0,0,0,0,,0,0
,,,,,0,0,1232,26847,1485,,12,1899,,"0,00",0,,0,0,0,0,,0,0
,,,,,0,0,1232,26847,1485,,12,1899,,"0,00",0,,0,0,0,0,,0,0
,,,,,0,0,1232,26847,1485,,12,1899,,"0,00",0,,0,0,0,0,,0,0
,,,,,0,0,1232,26847,1485,,12,1899,,"0,00",0,,0,0,0,0,,0,0
,,,,,0,0,1232,26847,1485,,12,1899,,"0,00",0,,0,0,0,0,,0,0
,,,,,0,0,1232,26847,1485,,12,1899,,"0,00",0,,0,0,0,0,,0,0
,,,,,0,0,1232,26847,1485,,12,1899,,"0,00",0,,0,0,0,0,,0,0
,,,,,0,0,1232,26847,1485,,12,1899,,"0,00",0,,0,0,0,0,,0,0
,,,,,0,0,1232,26847,1485,,12,1899,,"0,00",0,,0,0,0,0,,0,0
,,,,,0,0,1232,26847,1485,,12,1899,,"0,00",0,,0,0,0,0,,0,0
,,,,,0,0,1232,26847,1485,,12,1899,,"0,00",0,,0,0,0,0,,0,0
,,,,,0,0,1232,26847,1485,,12,1899,,"0,00",0,,0,0,0,0,,0,0
,,,,,0,0,1232,26847,1485,,12,1899,,"0,00",0,,0,0,0,0,,0,0
,,,,,0,0,1232,26847,1485,,12,1899,,"0,00",0,,0,0,0,0,,0,0
,,,,,0,0,1232,26847,1485,,12,1899,,"0,00",0,,0,0,0,0,,0,0
,,,,,0,0,1232,26847,1485,,12,1899,,"0,00",0,,0,0,0,0,,0,0
,,,,,0,0,1232,26847,1485,,12,1899,,"0,00",0,,0,0,0,0,,0,0
,,,,,0,0,1232,26847,1485,,12,1899,,"0,00",0,,0,0,0,0,,0,0
,,,,,0,0,1232,26847,1485,,12,1899,,"0,00",0,,0,0,0,0,,0,0
,,,,,0,0,1232,26847,1485,,12,1899,,"0,00",0,,0,0,0,0,,0,0
,,,,,0,0,1232,26847,1485,,12,1899,,"0,00",0,,0,0,0,0,,0,0
,,,,,0,0,1232,26847,1485,,12,1899,,"0,00",0,,0,0,0,0,,0,0
,,,,,0,0,1232,26847,1485,,12,1899,,"0,00",0,,0,0,0,0,,0,0
,,,,,0,0,1232,26847,1485,,12,1899,,"0,00",0,,0,0,0,0,,0,0
,,,,,0,0,1232,26847,1485,,12,1899,,"0,00",0,,0,0,0,0,,0,0
,,,,,0,0,1232,26847,1485,,12,1899,,"0,00",0,,0,0,0,0,,0,0
,,,,,0,0,1232,26847,1485,,12,1899,,"0,00",0,,0,0,0,0,,0,0
,,,,,0,0,1232,26847,1485,,12,1899,,"0,00",0,,0,0,0,0,,0,0
,,,,,0,0,1232,26847,1485,,12,1899,,"0,00",0,,0,0,0,0,,0,0
,,,,,0,0,1232,26847,1485,,12,1899,,"0,00",0,,0,0,0,0,,0,0
,,,,,0,0,1232,26847,1485,,12,1899,,"0,00",0,,0,0,0,0,,0,0
,,,,,0,0,1232,26847,1485,,12,1899,,"0,00",0,,0,0,0,0,,0,0
,,,,,0,0,1232,26847,1485,,12,1899,,"0,00",0,,0,0,0,0,,0,0
,,,,,0,0,1232,26847,1485,,12,1899,,"0,00",0,,0,0,0,0,,0,0
,,,,,0,0,1232,26847,1485,,12,1899,,"0,00",0,,0,0,0,0,,0,0
,,,,,0,0,1232,26847,1485,,12,1899,,"0,00",0,,0,0,0,0,,0,0
,,,,,0,0,1232,26847,1485,,12,1899,,"0,00",0,,0,0,0,0,,0,0
,,,,,0,0,1232,26847,1485,,12,1899,,"0,00",0,,0,0,0,0,,0,0
,,,,,0,0,1232,26847,1485,,12,1899,,"0,00",0,,0,0,0,0,,0,0
,,,,,0,0,1232,26847,1485,,12,1899,,"0,00",0,,0,0,0,0,,0,0
,,,,,0,0,1232,26847,1485,,12,1899,,"0,00",0,,0,0,0,0,,0,0
,,,,,0,0,1232,26847,1485,,12,1899,,"0,00",0,,0,0,0,0,,0,0
,,,,,0,0,1232,26847,1485,,12,1899,,"0,00",0,,0,0,0,0,,0,0
,,,,,0,0,1232,26847,1485,,12,1899,,"0,00",0,,0,0,0,0,,0,0
,,,,,0,0,1232,26847,1485,,12,1899,,"0,00",0,,0,0,0,0,,0,0
,,,,,0,0,1232,26847,1485,,12,1899,,"0,00",0,,0,0,0,0,,0,0
,,,,,0,0,1232,26847,1485,,12,1899,,"0,00",0,,0,0,0,0,,0,0
,,,,,0,0,1232,26847,1485,,12,1899,,"0,00",0,,0,0,0,0,,0,0
,,,,,0,0,1232,26847,1485,,12,1899,,"0,00",0,,0,0,0,0,,0,0
,,,,,0,0,1232,26847,1485,,12,1899,,"0,00",0,,0,0,0,0,,0,0
,,,,,0,0,1232,26847,1485,,12,1899,,"0,00",0,,0,0,0,0,,0,0
,,,,,0,0,1232,26847,1485,,12,1899,,"0,00",0,,0,0,0,0,,0,0
,,,,,0,0,1232,26847,1485,,12,1899,,"0,00",0,,0,0,0,0,,0,0
,,,,,0,0,1232,26847,1485,,12,1899,,"0,00",0,,0,0,0,0,,0,0
,,,,,0,0,1232,26847,1485,,12,1899,,"0,00",0,,0,0,0,0,,0,0
,,,,,0,0,1232,26847,1485,,12,1899,,"0,00",0,,0,0,0,0,,0,0
,,,,,0,0,1232,26847,1485,,12,1899,,"0,00",0,,0,0,0,0,,0,0
,,,,,0,0,1232,26847,1485,,12,1899,,"0,00",0,,0,0,0,0,,0,0
,,,,,0,0,1232,26847,1485,,12,1899,,"0,00",0,,0,0,0,0,,0,0
,,,,,0,0,1232,26847,1485,,12,1899,,"0,00",0,,0,0,0,0,,0,0
,,,,,0,0,1232,26847,1485,,12,1899,,"0,00",0,,0,0,0,0,,0,0
,,,,,0,0,1232,26847,1485,,12,1899,,"0,00",0,,0,0,0,0,,0,0
,,,,,0,0,1232,26847,1485,,12,1899,,"0,00",0,,0,0,0,0,,0,0
,,,,,0,0,1232,26847,1485,,12,1899,,"0,00",0,,0,0,0,0,,0,0
,,,,,0,0,1232,26847,1485,,12,1899,,"0,00",0,,0,0,0,0,,0,0
,,,,,0,0,1232,26847,1485,,12,1899,,"0,00",0,,0,0,0,0,,0,0
,,,,,0,0,1232,26847,1485,,12,1899,,"0,00",0,,0,0,0,0,,0,0
,,,,,0,0,1232,26847,1485,,12,1899,,"0,00",0,,0,0,0,0,,0,0
,,,,,0,0,1232,26847,1485,,12,1899,,"0,00",0,,0,0,0,0,,0,0
,,,,,0,0,1232,26847,1485,,12,1899,,"0,00",0,,0,0,0,0,,0,0
,,,,,0,0,1232,26847,1485,,12,1899,,"0,00",0,,0,0,0,0,,0,0
,,,,,0,0,1232,26847,1485,,12,1899,,"0,00",0,,0,0,0,0,,0,0
,,,,,0,0,1232,26847,1485,,12,1899,,"0,00",0,,0,0,0,0,,0,0
,,,,,0,0,1232,26847,1485,,12,1899,,"0,00",0,,0,0,0,0,,0,0
,,,,,0,0,1232,26847,1485,,12,1899,,"0,00",0,,0,0,0,0,,0,0
,,,,,0,0,1232,26847,1485,,12,1899,,"0,00",0,,0,0,0,0,,0,0
,,,,,0,0,1232,26847,1485,,12,1899,,"0,00",0,,0,0,0,0,,0,0
,,,,,0,0,1232,26847,1485,,12,1899,,"0,00",0,,0,0,0,0,,0,0
,,,,,0,0,1232,26847,1485,,12,1899,,"0,00",0,,0,0,0,0,,0,0
,,,,,0,0,1232,26847,1485,,12,1899,,"0,00",0,,0,0,0,0,,0,0
,,,,,0,0,1232,26847,1485,,12,1899,,"0,00",0,,0,0,0,0,,0,0
,,,,,0,0,1232,26847,1485,,12,1899,,"0,00",0,,0,0,0,0,,0,0
,,,,,0,0,1232,26847,1485,,12,1899,,"0,00",0,,0,0,0,0,,0,0
,,,,,0,0,1232,26847,1485,,12,1899,,"0,00",0,,0,0,0,0,,0,0
,,,,,0,0,1232,26847,1485,,12,1899,,"0,00",0,,0,0,0,0,,0,0
,,,,,0,0,1232,26847,1485,,12,1899,,"0,00",0,,0,0,0,0,,0,0
,,,,,0,0,1232,26847,1485,,12,1899,,"0,00",0,,0,0,0,0,,0,0
,,,,,0,0,1232,26847,1485,,12,1899,,"0,00",0,,0,0,0,0,,0,0
,,,,,0,0,1232,26847,1485,,12,1899,,"0,00",0,,0,0,0,0,,0,0
,,,,,0,0,1232,26847,1485,,12,1899,,"0,00",0,,0,0,0,0,,0,0
,,,,,0,0,1232,26847,1485,,12,1899,,"0,00",0,,0,0,0,0,,0,0
,,,,,0,0,1232,26847,1485,,12,1899,,"0,00",0,,0,0,0,0,,0,0
,,,,,0,0,1232,26847,1485,,12,1899,,"0,00",0,,0,0,0,0,,0,0
,,,,,0,0,1232,26847,1485,,12,1899,,"0,00",0,,0,0,0,0,,0,0
,,,,,0,0,1232,26847,1485,,12,1899,,"0,00",0,,0,0,0,0,,0,0
,,,,,0,0,1232,26847,1485,,12,1899,,"0,00",0,,0,0,0,0,,0,0
,,,,,0,0,1232,26847,1485,,12,1899,,"0,00",0,,0,0,0,0,,0,0
,,,,,0,0,1232,26847,1485,,12,1899,,"0,00",0,,0,0,0,0,,0,0
,,,,,0,0,1232,26847,1485,,12,1899,,"0,00",0,,0,0,0,0,,0,0
,,,,,0,0,1232,26847,1485,,12,1899,,"0,00",0,,0,0,0,0,,0,0
,,,,,0,0,1232,26847,1485,,12,1899,,"0,00",0,,0,0,0,0,,0,0
,,,,,0,0,1232,26847,1485,,12,1899,,"0,00",0,,0,0,0,0,,0,0
,,,,,0,0,1232,26847,1485,,12,1899,,"0,00",0,,0,0,0,0,,0,0
,,,,,0,0,1232,26847,1485,,12,1899,,"0,00",0,,0,0,0,0,,0,0
,,,,,0,0,1232,26847,1485,,12,1899,,"0,00",0,,0,0,0,0,,0,0
,,,,,0,0,1232,26847,1485,,12,1899,,"0,00",0,,0,0,0,0,,0,0
,,,,,0,0,1232,26847,1485,,12,1899,,"0,00",0,,0,0,0,0,,0,0
,,,,,0,0,1232,26847,1485,,12,1899,,"0,00",0,,0,0,0,0,,0,0
,,,,,0,0,1232,26847,1485,,12,1899,,"0,00",0,,0,0,0,0,,0,0
,,,,,0,0,1232,26847,1485,,12,1899,,"0,00",0,,0,0,0,0,,0,0
,,,,,0,0,1232,26847,1485,,12,1899,,"0,00",0,,0,0,0,0,,0,0
,,,,,0,0,1232,26847,1485,,12,1899,,"0,00",0,,0,0,0,0,,0,0
,,,,,0,0,1232,26847,1485,,12,1899,,"0,00",0,,0,0,0,0,,0,0
,,,,,0,0,1232,26847,1485,,12,1899,,"0,00",0,,0,0,0,0,,0,0
,,,,,0,0,1232,26847,1485,,12,1899,,"0,00",0,,0,0,0,0,,0,0
,,,,,0,0,1232,26847,1485,,12,1899,,"0,00",0,,0,0,0,0,,0,0
,,,,,0,0,1232,26847,1485,,12,1899,,"0,00",0,,0,0,0,0,,0,0
,,,,,0,0,1232,26847,1485,,12,1899,,"0,00",0,,0,0,0,0,,0,0
,,,,,0,0,1232,26847,1485,,12,1899,,"0,00",0,,0,0,0,0,,0,0
,,,,,0,0,1232,26847,1485,,12,1899,,"0,00",0,,0,0,0,0,,0,0
,,,,,0,0,1232,26847,1485,,12,1899,,"0,00",0,,0,0,0,0,,0,0
,,,,,0,0,1232,26847,1485,,12,1899,,"0,00",0,,0,0,0,0,,0,0
,,,,,0,0,1232,26847,1485,,12,1899,,"0,00",0,,0,0,0,0,,0,0
,,,,,0,0,1232,26847,1485,,12,1899,,"0,00",0,,0,0,0,0,,0,0
,,,,,0,0,1232,26847,1485,,12,1899,,"0,00",0,,0,0,0,0,,0,0
,,,,,0,0,1232,26847,1485,,12,1899,,"0,00",0,,0,0,0,0,,0,0
,,,,,0,0,1232,26847,1485,,12,1899,,"0,00",0,,0,0,0,0,,0,0
,,,,,0,0,1232,26847,1485,,12,1899,,"0,00",0,,0,0,0,0,,0,0
,,,,,0,0,1232,26847,1485,,12,1899,,"0,00",0,,0,0,0,0,,0,0
,,,,,0,0,1232,26847,1485,,12,1899,,"0,00",0,,0,0,0,0,,0,0
,,,,,0,0,1232,26847,1485,,12,1899,,"0,00",0,,0,0,0,0,,0,0
,,,,,0,0,1232,26847,1485,,12,1899,,"0,00",0,,0,0,0,0,,0,0
,,,,,0,0,1232,26847,1485,,12,1899,,"0,00",0,,0,0,0,0,,0,0
,,,,,0,0,1232,26847,1485,,12,1899,,"0,00",0,,0,0,0,0,,0,0
,,,,,0,0,1232,26847,1485,,12,1899,,"0,00",0,,0,0,0,0,,0,0
,,,,,0,0,1232,26847,1485,,12,1899,,"0,00",0,,0,0,0,0,,0,0
,,,,,0,0,1232,26847,1485,,12,1899,,"0,00",0,,0,0,0,0,,0,0
,,,,,0,0,1232,26847,1485,,12,1899,,"0,00",0,,0,0,0,0,,0,0
,,,,,0,0,1232,26847,1485,,12,1899,,"0,00",0,,0,0,0,0,,0,0
,,,,,0,0,1232,26847,1485,,12,1899,,"0,00",0,,0,0,0,0,,0,0
,,,,,0,0,1232,26847,1485,,12,1899,,"0,00",0,,0,0,0,0,,0,0
,,,,,0,0,1232,26847,1485,,12,1899,,"0,00",0,,0,0,0,0,,0,0
,,,,,0,0,1232,26847,1485,,12,1899,,"0,00",0,,0,0,0,0,,0,0
,,,,,0,0,1232,26847,1485,,12,1899,,"0,00",0,,0,0,0,0,,0,0
,,,,,0,0,1232,26847,1485,,12,1899,,"0,00",0,,0,0,0,0,,0,0
,,,,,0,0,1232,26847,1485,,12,1899,,"0,00",0,,0,0,0,0,,0,0
,,,,,0,0,1232,26847,1485,,12,1899,,"0,00",0,,0,0,0,0,,0,0
,,,,,0,0,1232,26847,1485,,12,1899,,"0,00",0,,0,0,0,0,,0,0
,,,,,0,0,1232,26847,1485,,12,1899,,"0,00",0,,0,0,0,0,,0,0
,,,,,0,0,1232,26847,1485,,12,1899,,"0,00",0,,0,0,0,0,,0,0
,,,,,0,0,1232,26847,1485,,12,1899,,"0,00",0,,0,0,0,0,,0,0
,,,,,0,0,1232,26847,1485,,12,1899,,"0,00",0,,0,0,0,0,,0,0
,,,,,0,0,1232,26847,1485,,12,1899,,"0,00",0,,0,0,0,0,,0,0
,,,,,0,0,1232,26847,1485,,12,1899,,"0,00",0,,0,0,0,0,,0,0
,,,,,0,0,1232,26847,1485,,12,1899,,"0,00",0,,0,0,0,0,,0,0
,,,,,0,0,1232,26847,1485,,12,1899,,"0,00",0,,0,0,0,0,,0,0
,,,,,0,0,1232,26847,1485,,12,1899,,"0,00",0,,0,0,0,0,,0,0
,,,,,0,0,1232,26847,1485,,12,1899,,"0,00",0,,0,0,0,0,,0,0
,,,,,0,0,1232,26847,1485,,12,1899,,"0,00",0,,0,0,0,0,,0,0
,,,,,0,0,1232,26847,1485,,12,1899,,"0,00",0,,0,0,0,0,,0,0
,,,,,0,0,1232,26847,1485,,12,1899,,"0,00",0,,0,0,0,0,,0,0
,,,,,0,0,1232,26847,1485,,12,1899,,"0,00",0,,0,0,0,0,,0,0
,,,,,0,0,1232,26847,1485,,12,1899,,"0,00",0,,0,0,0,0,,0,0
,,,,,0,0,1232,26847,1485,,12,1899,,"0,00",0,,0,0,0,0,,0,0
,,,,,0,0,1232,26847,1485,,12,1899,,"0,00",0,,0,0,0,0,,0,0
,,,,,0,0,1232,26847,1485,,12,1899,,"0,00",0,,0,0,0,0,,0,0
,,,,,0,0,1232,26847,1485,,12,1899,,"0,00",0,,0,0,0,0,,0,0
,,,,,0,0,1232,26847,1485,,12,1899,,"0,00",0,,0,0,0,0,,0,0
,,,,,0,0,1232,26847,1485,,12,1899,,"0,00",0,,0,0,0,0,,0,0
,,,,,0,0,1232,26847,1485,,12,1899,,"0,00",0,,0,0,0,0,,0,0
,,,,,0,0,1232,26847,1485,,12,1899,,"0,00",0,,0,0,0,0,,0,0
,,,,,0,0,1232,26847,1485,,12,1899,,"0,00",0,,0,0,0,0,,0,0
,,,,,0,0,1232,26847,1485,,12,1899,,"0,00",0,,0,0,0,0,,0,0
,,,,,0,0,1232,26847,1485,,12,1899,,"0,00",0,,0,0,0,0,,0,0
,,,,,0,0,1232,26847,1485,,12,1899,,"0,00",0,,0,0,0,0,,0,0
,,,,,0,0,1232,26847,1485,,12,1899,,"0,00",0,,0,0,0,0,,0,0
,,,,,0,0,1232,26847,1485,,12,1899,,"0,00",0,,0,0,0,0,,0,0
,,,,,0,0,1232,26847,1485,,12,1899,,"0,00",0,,0,0,0,0,,0,0
,,,,,0,0,1232,26847,1485,,12,1899,,"0,00",0,,0,0,0,0,,0,0
,,,,,0,0,1232,26847,1485,,12,1899,,"0,00",0,,0,0,0,0,,0,0
,,,,,0,0,1232,26847,1485,,12,1899,,"0,00",0,,0,0,0,0,,0,0
,,,,,0,0,1232,26847,1485,,12,1899,,"0,00",0,,0,0,0,0,,0,0
,,,,,0,0,1232,26847,1485,,12,1899,,"0,00",0,,0,0,0,0,,0,0
,,,,,0,0,1232,26847,1485,,12,1899,,"0,00",0,,0,0,0,0,,0,0
,,,,,0,0,1232,26847,1485,,12,1899,,"0,00",0,,0,0,0,0,,0,0
,,,,,0,0,1232,26847,1485,,12,1899,,"0,00",0,,0,0,0,0,,0,0
,,,,,0,0,1232,26847,1485,,12,1899,,"0,00",0,,0,0,0,0,,0,0
,,,,,0,0,1232,26847,1485,,12,1899,,"0,00",0,,0,0,0,0,,0,0
,,,,,0,0,1232,26847,1485,,12,1899,,"0,00",0,,0,0,0,0,,0,0
,,,,,0,0,1232,26847,1485,,12,1899,,"0,00",0,,0,0,0,0,,0,0
,,,,,0,0,1232,26847,1485,,12,1899,,"0,00",0,,0,0,0,0,,0,0
,,,,,0,0,1232,26847,1485,,12,1899,,"0,00",0,,0,0,0,0,,0,0
,,,,,0,0,1232,26847,1485,,12,1899,,"0,00",0,,0,0,0,0,,0,0
,,,,,0,0,1232,26847,1485,,12,1899,,"0,00",0,,0,0,0,0,,0,0
,,,,,0,0,1232,26847,1485,,12,1899,,"0,00",0,,0,0,0,0,,0,0
,,,,,0,0,1232,26847,1485,,12,1899,,"0,00",0,,0,0,0,0,,0,0
,,,,,0,0,1232,26847,1485,,12,1899,,"0,00",0,,0,0,0,0,,0,0
,,,,,0,0,1232,26847,1485,,12,1899,,"0,00",0,,0,0,0,0,,0,0
,,,,,0,0,1232,26847,1485,,12,1899,,"0,00",0,,0,0,0,0,,0,0
,,,,,0,0,1232,26847,1485,,12,1899,,"0,00",0,,0,0,0,0,,0,0
,,,,,0,0,1232,26847,1485,,12,1899,,"0,00",0,,0,0,0,0,,0,0
,,,,,0,0,1232,26847,1485,,12,1899,,"0,00",0,,0,0,0,0,,0,0
,,,,,0,0,1232,26847,1485,,12,1899,,"0,00",0,,0,0,0,0,,0,0
,,,,,0,0,1232,26847,1485,,12,1899,,"0,00",0,,0,0,0,0,,0,0
,,,,,0,0,1232,26847,1485,,12,1899,,"0,00",0,,0,0,0,0,,0,0
,,,,,0,0,1232,26847,1485,,12,1899,,"0,00",0,,0,0,0,0,,0,0
,,,,,0,0,1232,26847,1485,,12,1899,,"0,00",0,,0,0,0,0,,0,0
,,,,,0,0,1232,26847,1485,,12,1899,,"0,00",0,,0,0,0,0,,0,0
,,,,,0,0,1232,26847,1485,,12,1899,,"0,00",0,,0,0,0,0,,0,0
,,,,,0,0,1232,26847,1485,,12,1899,,"0,00",0,,0,0,0,0,,0,0
,,,,,0,0,1232,26847,1485,,12,1899,,"0,00",0,,0,0,0,0,,0,0
,,,,,0,0,1232,26847,1485,,12,1899,,"0,00",0,,0,0,0,0,,0,0
,,,,,0,0,1232,26847,1485,,12,1899,,"0,00",0,,0,0,0,0,,0,0
,,,,,0,0,1232,26847,1485,,12,1899,,"0,00",0,,0,0,0,0,,0,0
,,,,,0,0,1232,26847,1485,,12,1899,,"0,00",0,,0,0,0,0,,0,0
,,,,,0,0,1232,26847,1485,,12,1899,,"0,00",0,,0,0,0,0,,0,0
,,,,,0,0,1232,26847,1485,,12,1899,,"0,00",0,,0,0,0,0,,0,0
,,,,,0,0,1232,26847,1485,,12,1899,,"0,00",0,,0,0,0,0,,0,0
,,,,,0,0,1232,26847,1485,,12,1899,,"0,00",0,,0,0,0,0,,0,0
,,,,,0,0,1232,26847,1485,,12,1899,,"0,00",0,,0,0,0,0,,0,0
,,,,,0,0,1232,26847,1485,,12,1899,,"0,00",0,,0,0,0,0,,0,0
,,,,,0,0,1232,26847,1485,,12,1899,,"0,00",0,,0,0,0,0,,0,0
,,,,,0,0,1232,26847,1485,,12,1899,,"0,00",0,,0,0,0,0,,0,0
,,,,,0,0,1232,26847,1485,,12,1899,,"0,00",0,,0,0,0,0,,0,0
,,,,,0,0,1232,26847,1485,,12,1899,,"0,00",0,,0,0,0,0,,0,0
,,,,,0,0,1232,26847,1485,,12,1899,,"0,00",0,,0,0,0,0,,0,0
,,,,,0,0,1232,26847,1485,,12,1899,,"0,00",0,,0,0,0,0,,0,0
,,,,,0,0,1232,26847,1485,,12,1899,,"0,00",0,,0,0,0,0,,0,0
,,,,,0,0,1232,26847,1485,,12,1899,,"0,00",0,,0,0,0,0,,0,0
,,,,,0,0,1232,26847,1485,,12,1899,,"0,00",0,,0,0,0,0,,0,0
,,,,,0,0,1232,26847,1485,,12,1899,,"0,00",0,,0,0,0,0,,0,0
,,,,,0,0,1232,26847,1485,,12,1899,,"0,00",0,,0,0,0,0,,0,0
,,,,,0,0,1232,26847,1485,,12,1899,,"0,00",0,,0,0,0,0,,0,0
,,,,,0,0,1232,26847,1485,,12,1899,,"0,00",0,,0,0,0,0,,0,0
,,,,,0,0,1232,26847,1485,,12,1899,,"0,00",0,,0,0,0,0,,0,0
,,,,,0,0,1232,26847,1485,,12,1899,,"0,00",0,,0,0,0,0,,0,0
,,,,,0,0,1232,26847,1485,,12,1899,,"0,00",0,,0,0,0,0,,0,0
,,,,,0,0,1232,26847,1485,,12,1899,,"0,00",0,,0,0,0,0,,0,0
,,,,,0,0,1232,26847,1485,,12,1899,,"0,00",0,,0,0,0,0,,0,0
,,,,,0,0,1232,26847,1485,,12,1899,,"0,00",0,,0,0,0,0,,0,0
,,,,,0,0,1232,26847,1485,,12,1899,,"0,00",0,,0,0,0,0,,0,0
,,,,,0,0,1232,26847,1485,,12,1899,,"0,00",0,,0,0,0,0,,0,0
,,,,,0,0,1232,26847,1485,,12,1899,,"0,00",0,,0,0,0,0,,0,0
,,,,,0,0,1232,26847,1485,,12,1899,,"0,00",0,,0,0,0,0,,0,0
,,,,,0,0,1232,26847,1485,,12,1899,,"0,00",0,,0,0,0,0,,0,0
,,,,,0,0,1232,26847,1485,,12,1899,,"0,00",0,,0,0,0,0,,0,0
,,,,,0,0,1232,26847,1485,,12,1899,,"0,00",0,,0,0,0,0,,0,0
,,,,,0,0,1232,26847,1485,,12,1899,,"0,00",0,,0,0,0,0,,0,0
,,,,,0,0,1232,26847,1485,,12,1899,,"0,00",0,,0,0,0,0,,0,0
,,,,,0,0,1232,26847,1485,,12,1899,,"0,00",0,,0,0,0,0,,0,0
,,,,,0,0,1232,26847,1485,,12,1899,,"0,00",0,,0,0,0,0,,0,0
,,,,,0,0,1232,26847,1485,,12,1899,,"0,00",0,,0,0,0,0,,0,0
,,,,,0,0,1232,26847,1485,,12,1899,,"0,00",0,,0,0,0,0,,0,0
,,,,,0,0,1232,26847,1485,,12,1899,,"0,00",0,,0,0,0,0,,0,0
,,,,,0,0,1232,26847,1485,,12,1899,,"0,00",0,,0,0,0,0,,0,0
,,,,,0,0,1232,26847,1485,,12,1899,,"0,00",0,,0,0,0,0,,0,0
,,,,,0,0,1232,26847,1485,,12,1899,,"0,00",0,,0,0,0,0,,0,0
,,,,,0,0,1232,26847,1485,,12,1899,,"0,00",0,,0,0,0,0,,0,0
,,,,,0,0,1232,26847,1485,,12,1899,,"0,00",0,,0,0,0,0,,0,0
,,,,,0,0,1232,26847,1485,,12,1899,,"0,00",0,,0,0,0,0,,0,0
,,,,,0,0,1232,26847,1485,,12,1899,,"0,00",0,,0,0,0,0,,0,0
,,,,,0,0,1232,26847,1485,,12,1899,,"0,00",0,,0,0,0,0,,0,0
,,,,,0,0,1232,26847,1485,,12,1899,,"0,00",0,,0,0,0,0,,0,0
,,,,,0,0,1232,26847,1485,,12,1899,,"0,00",0,,0,0,0,0,,0,0
,,,,,0,0,1232,26847,1485,,12,1899,,"0,00",0,,0,0,0,0,,0,0
,,,,,0,0,1232,26847,1485,,12,1899,,"0,00",0,,0,0,0,0,,0,0
,,,,,0,0,1232,26847,1485,,12,1899,,"0,00",0,,0,0,0,0,,0,0
,,,,,0,0,1232,26847,1485,,12,1899,,"0,00",0,,0,0,0,0,,0,0
,,,,,0,0,1232,26847,1485,,12,1899,,"0,00",0,,0,0,0,0,,0,0
,,,,,0,0,1232,26847,1485,,12,1899,,"0,00",0,,0,0,0,0,,0,0
,,,,,0,0,1232,26847,1485,,12,1899,,"0,00",0,,0,0,0,0,,0,0
,,,,,0,0,1232,26847,1485,,12,1899,,"0,00",0,,0,0,0,0,,0,0
,,,,,0,0,1232,26847,1485,,12,1899,,"0,00",0,,0,0,0,0,,0,0
,,,,,0,0,1232,26847,1485,,12,1899,,"0,00",0,,0,0,0,0,,0,0
,,,,,0,0,1232,26847,1485,,12,1899,,"0,00",0,,0,0,0,0,,0,0
,,,,,0,0,1232,26847,1485,,12,1899,,"0,00",0,,0,0,0,0,,0,0
,,,,,0,0,1232,26847,1485,,12,1899,,"0,00",0,,0,0,0,0,,0,0
,,,,,0,0,1232,26847,1485,,12,1899,,"0,00",0,,0,0,0,0,,0,0
,,,,,0,0,1232,26847,1485,,12,1899,,"0,00",0,,0,0,0,0,,0,0
,,,,,0,0,1232,26847,1485,,12,1899,,"0,00",0,,0,0,0,0,,0,0
,,,,,0,0,1232,26847,1485,,12,1899,,"0,00",0,,0,0,0,0,,0,0
,,,,,0,0,1232,26847,1485,,12,1899,,"0,00",0,,0,0,0,0,,0,0
,,,,,0,0,1232,26847,1485,,12,1899,,"0,00",0,,0,0,0,0,,0,0
,,,,,0,0,1232,26847,1485,,12,1899,,"0,00",0,,0,0,0,0,,0,0
,,,,,0,0,1232,26847,1485,,12,1899,,"0,00",0,,0,0,0,0,,0,0
,,,,,0,0,1232,26847,1485,,12,1899,,"0,00",0,,0,0,0,0,,0,0
,,,,,0,0,1232,26847,1485,,12,1899,,"0,00",0,,0,0,0,0,,0,0
,,,,,0,0,1232,26847,1485,,12,1899,,"0,00",0,,0,0,0,0,,0,0
,,,,,0,0,1232,26847,1485,,12,1899,,"0,00",0,,0,0,0,0,,0,0
,,,,,0,0,1232,26847,1485,,12,1899,,"0,00",0,,0,0,0,0,,0,0
,,,,,0,0,1232,26847,1485,,12,1899,,"0,00",0,,0,0,0,0,,0,0
,,,,,0,0,1232,26847,1485,,12,1899,,"0,00",0,,0,0,0,0,,0,0
,,,,,0,0,1232,26847,1485,,12,1899,,"0,00",0,,0,0,0,0,,0,0
,,,,,0,0,1232,26847,1485,,12,1899,,"0,00",0,,0,0,0,0,,0,0
,,,,,0,0,1232,26847,1485,,12,1899,,"0,00",0,,0,0,0,0,,0,0
,,,,,0,0,1232,26847,1485,,12,1899,,"0,00",0,,0,0,0,0,,0,0
,,,,,0,0,1232,26847,1485,,12,1899,,"0,00",0,,0,0,0,0,,0,0
,,,,,0,0,1232,26847,1485,,12,1899,,"0,00",0,,0,0,0,0,,0,0
,,,,,0,0,1232,26847,1485,,12,1899,,"0,00",0,,0,0,0,0,,0,0
,,,,,0,0,1232,26847,1485,,12,1899,,"0,00",0,,0,0,0,0,,0,0
,,,,,0,0,1232,26847,1485,,12,1899,,"0,00",0,,0,0,0,0,,0,0
,,,,,0,0,1232,26847,1485,,12,1899,,"0,00",0,,0,0,0,0,,0,0
,,,,,0,0,1232,26847,1485,,12,1899,,"0,00",0,,0,0,0,0,,0,0
,,,,,0,0,1232,26847,1485,,12,1899,,"0,00",0,,0,0,0,0,,0,0
,,,,,0,0,1232,26847,1485,,12,1899,,"0,00",0,,0,0,0,0,,0,0
,,,,,0,0,1232,26847,1485,,12,1899,,"0,00",0,,0,0,0,0,,0,0
,,,,,0,0,1232,26847,1485,,12,1899,,"0,00",0,,0,0,0,0,,0,0
,,,,,0,0,1232,26847,1485,,12,1899,,"0,00",0,,0,0,0,0,,0,0
,,,,,0,0,1232,26847,1485,,12,1899,,"0,00",0,,0,0,0,0,,0,0
,,,,,0,0,1232,26847,1485,,12,1899,,"0,00",0,,0,0,0,0,,0,0
,,,,,0,0,1232,26847,1485,,12,1899,,"0,00",0,,0,0,0,0,,0,0
,,,,,0,0,1232,26847,1485,,12,1899,,"0,00",0,,0,0,0,0,,0,0
,,,,,0,0,1232,26847,1485,,12,1899,,"0,00",0,,0,0,0,0,,0,0
,,,,,0,0,1232,26847,1485,,12,1899,,"0,00",0,,0,0,0,0,,0,0
,,,,,0,0,1232,26847,1485,,12,1899,,"0,00",0,,0,0,0,0,,0,0
,,,,,0,0,1232,26847,1485,,12,1899,,"0,00",0,,0,0,0,0,,0,0
,,,,,0,0,1232,26847,1485,,12,1899,,"0,00",0,,0,0,0,0,,0,0
,,,,,0,0,1232,26847,1485,,12,1899,,"0,00",0,,0,0,0,0,,0,0
,,,,,0,0,1232,26847,1485,,12,1899,,"0,00",0,,0,0,0,0,,0,0
,,,,,0,0,1232,26847,1485,,12,1899,,"0,00",0,,0,0,0,0,,0,0
,,,,,0,0,1232,26847,1485,,12,1899,,"0,00",0,,0,0,0,0,,0,0
,,,,,0,0,1232,26847,1485,,12,1899,,"0,00",0,,0,0,0,0,,0,0
,,,,,0,0,1232,26847,1485,,12,1899,,"0,00",0,,0,0,0,0,,0,0
,,,,,0,0,1232,26847,1485,,12,1899,,"0,00",0,,0,0,0,0,,0,0
,,,,,0,0,1232,26847,1485,,12,1899,,"0,00",0,,0,0,0,0,,0,0
,,,,,0,0,1232,26847,1485,,12,1899,,"0,00",0,,0,0,0,0,,0,0
,,,,,0,0,1232,26847,1485,,12,1899,,"0,00",0,,0,0,0,0,,0,0
,,,,,0,0,1232,26847,1485,,12,1899,,"0,00",0,,0,0,0,0,,0,0
,,,,,0,0,1232,26847,1485,,12,1899,,"0,00",0,,0,0,0,0,,0,0
,,,,,0,0,1232,26847,1485,,12,1899,,"0,00",0,,0,0,0,0,,0,0
,,,,,0,0,1232,26847,1485,,12,1899,,"0,00",0,,0,0,0,0,,0,0
,,,,,0,0,1232,26847,1485,,12,1899,,"0,00",0,,0,0,0,0,,0,0
,,,,,0,0,1232,26847,1485,,12,1899,,"0,00",0,,0,0,0,0,,0,0
,,,,,0,0,1232,26847,1485,,12,1899,,"0,00",0,,0,0,0,0,,0,0
,,,,,0,0,1232,26847,1485,,12,1899,,"0,00",0,,0,0,0,0,,0,0
,,,,,0,0,1232,26847,1485,,12,1899,,"0,00",0,,0,0,0,0,,0,0
,,,,,0,0,1232,26847,1485,,12,1899,,"0,00",0,,0,0,0,0,,0,0
,,,,,0,0,1232,26847,1485,,12,1899,,"0,00",0,,0,0,0,0,,0,0
,,,,,0,0,1232,26847,1485,,12,1899,,"0,00",0,,0,0,0,0,,0,0
,,,,,0,0,1232,26847,1485,,12,1899,,"0,00",0,,0,0,0,0,,0,0
,,,,,0,0,1232,26847,1485,,12,1899,,"0,00",0,,0,0,0,0,,0,0
,,,,,0,0,1232,26847,1485,,12,1899,,"0,00",0,,0,0,0,0,,0,0
,,,,,0,0,1232,26847,1485,,12,1899,,"0,00",0,,0,0,0,0,,0,0
,,,,,0,0,1232,26847,1485,,12,1899,,"0,00",0,,0,0,0,0,,0,0
,,,,,0,0,1232,26847,1485,,12,1899,,"0,00",0,,0,0,0,0,,0,0
,,,,,0,0,1232,26847,1485,,12,1899,,"0,00",0,,0,0,0,0,,0,0
,,,,,0,0,1232,26847,1485,,12,1899,,"0,00",0,,0,0,0,0,,0,0
,,,,,0,0,1232,26847,1485,,12,1899,,"0,00",0,,0,0,0,0,,0,0
,,,,,0,0,1232,26847,1485,,12,1899,,"0,00",0,,0,0,0,0,,0,0
,,,,,0,0,1232,26847,1485,,12,1899,,"0,00",0,,0,0,0,0,,0,0
,,,,,0,0,1232,26847,1485,,12,1899,,"0,00",0,,0,0,0,0,,0,0
,,,,,0,0,1232,26847,1485,,12,1899,,"0,00",0,,0,0,0,0,,0,0
,,,,,0,0,1232,26847,1485,,12,1899,,"0,00",0,,0,0,0,0,,0,0
,,,,,0,0,1232,26847,1485,,12,1899,,"0,00",0,,0,0,0,0,,0,0
,,,,,0,0,1232,26847,1485,,12,1899,,"0,00",0,,0,0,0,0,,0,0
,,,,,0,0,1232,26847,1485,,12,1899,,"0,00",0,,0,0,0,0,,0,0
,,,,,0,0,1232,26847,1485,,12,1899,,"0,00",0,,0,0,0,0,,0,0
,,,,,0,0,1232,26847,1485,,12,1899,,"0,00",0,,0,0,0,0,,0,0
,,,,,0,0,1232,26847,1485,,12,1899,,"0,00",0,,0,0,0,0,,0,0
,,,,,0,0,1232,26847,1485,,12,1899,,"0,00",0,,0,0,0,0,,0,0
,,,,,0,0,1232,26847,1485,,12,1899,,"0,00",0,,0,0,0,0,,0,0
,,,,,0,0,1232,26847,1485,,12,1899,,"0,00",0,,0,0,0,0,,0,0
,,,,,0,0,1232,26847,1485,,12,1899,,"0,00",0,,0,0,0,0,,0,0
,,,,,0,0,1232,26847,1485,,12,1899,,"0,00",0,,0,0,0,0,,0,0
,,,,,0,0,1232,26847,1485,,12,1899,,"0,00",0,,0,0,0,0,,0,0
,,,,,0,0,1232,26847,1485,,12,1899,,"0,00",0,,0,0,0,0,,0,0
,,,,,0,0,1232,26847,1485,,12,1899,,"0,00",0,,0,0,0,0,,0,0
,,,,,0,0,1232,26847,1485,,12,1899,,"0,00",0,,0,0,0,0,,0,0
,,,,,0,0,1232,26847,1485,,12,1899,,"0,00",0,,0,0,0,0,,0,0
,,,,,0,0,1232,26847,1485,,12,1899,,"0,00",0,,0,0,0,0,,0,0
,,,,,0,0,1232,26847,1485,,12,1899,,"0,00",0,,0,0,0,0,,0,0
,,,,,0,0,1232,26847,1485,,12,1899,,"0,00",0,,0,0,0,0,,0,0
,,,,,0,0,1232,26847,1485,,12,1899,,"0,00",0,,0,0,0,0,,0,0
,,,,,0,0,1232,26847,1485,,12,1899,,"0,00",0,,0,0,0,0,,0,0
,,,,,0,0,1232,26847,1485,,12,1899,,"0,00",0,,0,0,0,0,,0,0
,,,,,0,0,1232,26847,1485,,12,1899,,"0,00",0,,0,0,0,0,,0,0
,,,,,0,0,1232,26847,1485,,12,1899,,"0,00",0,,0,0,0,0,,0,0
,,,,,0,0,1232,26847,1485,,12,1899,,"0,00",0,,0,0,0,0,,0,0
,,,,,0,0,1232,26847,1485,,12,1899,,"0,00",0,,0,0,0,0,,0,0
,,,,,0,0,1232,26847,1485,,12,1899,,"0,00",0,,0,0,0,0,,0,0
,,,,,0,0,1232,26847,1485,,12,1899,,"0,00",0,,0,0,0,0,,0,0
,,,,,0,0,1232,26847,1485,,12,1899,,"0,00",0,,0,0,0,0,,0,0
,,,,,0,0,1232,26847,1485,,12,1899,,"0,00",0,,0,0,0,0,,0,0
,,,,,0,0,1232,26847,1485,,12,1899,,"0,00",0,,0,0,0,0,,0,0
,,,,,0,0,1232,26847,1485,,12,1899,,"0,00",0,,0,0,0,0,,0,0
,,,,,0,0,1232,26847,1485,,12,1899,,"0,00",0,,0,0,0,0,,0,0
,,,,,0,0,1232,26847,1485,,12,1899,,"0,00",0,,0,0,0,0,,0,0
,,,,,0,0,1232,26847,1485,,12,1899,,"0,00",0,,0,0,0,0,,0,0
,,,,,0,0,1232,26847,1485,,12,1899,,"0,00",0,,0,0,0,0,,0,0
,,,,,0,0,1232,26847,1485,,12,1899,,"0,00",0,,0,0,0,0,,0,0
,,,,,0,0,1232,26847,1485,,12,1899,,"0,00",0,,0,0,0,0,,0,0
,,,,,0,0,1232,26847,1485,,12,1899,,"0,00",0,,0,0,0,0,,0,0
,,,,,0,0,1232,26847,1485,,12,1899,,"0,00",0,,0,0,0,0,,0,0
,,,,,0,0,1232,26847,1485,,12,1899,,"0,00",0,,0,0,0,0,,0,0
,,,,,0,0,1232,26847,1485,,12,1899,,"0,00",0,,0,0,0,0,,0,0
,,,,,0,0,1232,26847,1485,,12,1899,,"0,00",0,,0,0,0,0,,0,0
,,,,,0,0,1232,26847,1485,,12,1899,,"0,00",0,,0,0,0,0,,0,0
,,,,,0,0,1232,26847,1485,,12,1899,,"0,00",0,,0,0,0,0,,0,0
,,,,,0,0,1232,26847,1485,,12,1899,,"0,00",0,,0,0,0,0,,0,0
,,,,,0,0,1232,26847,1485,,12,1899,,"0,00",0,,0,0,0,0,,0,0
,,,,,0,0,1232,26847,1485,,12,1899,,"0,00",0,,0,0,0,0,,0,0
,,,,,0,0,1232,26847,1485,,12,1899,,"0,00",0,,0,0,0,0,,0,0
,,,,,0,0,1232,26847,1485,,12,1899,,"0,00",0,,0,0,0,0,,0,0
,,,,,0,0,1232,26847,1485,,12,1899,,"0,00",0,,0,0,0,0,,0,0
,,,,,0,0,1232,26847,1485,,12,1899,,"0,00",0,,0,0,0,0,,0,0
,,,,,0,0,1232,26847,1485,,12,1899,,"0,00",0,,0,0,0,0,,0,0
,,,,,0,0,1232,26847,1485,,12,1899,,"0,00",0,,0,0,0,0,,0,0
,,,,,0,0,1232,26847,1485,,12,1899,,"0,00",0,,0,0,0,0,,0,0
,,,,,0,0,1232,26847,1485,,12,1899,,"0,00",0,,0,0,0,0,,0,0
,,,,,0,0,1232,26847,1485,,12,1899,,"0,00",0,,0,0,0,0,,0,0
,,,,,0,0,1232,26847,1485,,12,1899,,"0,00",0,,0,0,0,0,,0,0
,,,,,0,0,1232,26847,1485,,12,1899,,"0,00",0,,0,0,0,0,,0,0
,,,,,0,0,1232,26847,1485,,12,1899,,"0,00",0,,0,0,0,0,,0,0
,,,,,0,0,1232,26847,1485,,12,1899,,"0,00",0,,0,0,0,0,,0,0
,,,,,0,0,1232,26847,1485,,12,1899,,"0,00",0,,0,0,0,0,,0,0
,,,,,0,0,1232,26847,1485,,12,1899,,"0,00",0,,0,0,0,0,,0,0
,,,,,0,0,1232,26847,1485,,12,1899,,"0,00",0,,0,0,0,0,,0,0
,,,,,0,0,1232,26847,1485,,12,1899,,"0,00",0,,0,0,0,0,,0,0
,,,,,0,0,1232,26847,1485,,12,1899,,"0,00",0,,0,0,0,0,,0,0
,,,,,0,0,1232,26847,1485,,12,1899,,"0,00",0,,0,0,0,0,,0,0
,,,,,0,0,1232,26847,1485,,12,1899,,"0,00",0,,0,0,0,0,,0,0
,,,,,0,0,1232,26847,1485,,12,1899,,"0,00",0,,0,0,0,0,,0,0
,,,,,0,0,1232,26847,1485,,12,1899,,"0,00",0,,0,0,0,0,,0,0
,,,,,0,0,1232,26847,1485,,12,1899,,"0,00",0,,0,0,0,0,,0,0
,,,,,0,0,1232,26847,1485,,12,1899,,"0,00",0,,0,0,0,0,,0,0
,,,,,0,0,1232,26847,1485,,12,1899,,"0,00",0,,0,0,0,0,,0,0
,,,,,0,0,1232,26847,1485,,12,1899,,"0,00",0,,0,0,0,0,,0,0
,,,,,0,0,1232,26847,1485,,12,1899,,"0,00",0,,0,0,0,0,,0,0
,,,,,0,0,1232,26847,1485,,12,1899,,"0,00",0,,0,0,0,0,,0,0
,,,,,0,0,1232,26847,1485,,12,1899,,"0,00",0,,0,0,0,0,,0,0
,,,,,0,0,1232,26847,1485,,12,1899,,"0,00",0,,0,0,0,0,,0,0
,,,,,0,0,1232,26847,1485,,12,1899,,"0,00",0,,0,0,0,0,,0,0
,,,,,0,0,1232,26847,1485,,12,1899,,"0,00",0,,0,0,0,0,,0,0
,,,,,0,0,1232,26847,1485,,12,1899,,"0,00",0,,0,0,0,0,,0,0
,,,,,0,0,1232,26847,1485,,12,1899,,"0,00",0,,0,0,0,0,,0,0
,,,,,0,0,1232,26847,1485,,12,1899,,"0,00",0,,0,0,0,0,,0,0
,,,,,0,0,1232,26847,1485,,12,1899,,"0,00",0,,0,0,0,0,,0,0
,,,,,0,0,1232,26847,1485,,12,1899,,"0,00",0,,0,0,0,0,,0,0
,,,,,0,0,1232,26847,1485,,12,1899,,"0,00",0,,0,0,0,0,,0,0
,,,,,0,0,1232,26847,1485,,12,1899,,"0,00",0,,0,0,0,0,,0,0
,,,,,0,0,1232,26847,1485,,12,1899,,"0,00",0,,0,0,0,0,,0,0
,,,,,0,0,1232,26847,1485,,12,1899,,"0,00",0,,0,0,0,0,,0,0
,,,,,0,0,1232,26847,1485,,12,1899,,"0,00",0,,0,0,0,0,,0,0
,,,,,0,0,1232,26847,1485,,12,1899,,"0,00",0,,0,0,0,0,,0,0
,,,,,0,0,1232,26847,1485,,12,1899,,"0,00",0,,0,0,0,0,,0,0
,,,,,0,0,1232,26847,1485,,12,1899,,"0,00",0,,0,0,0,0,,0,0
,,,,,0,0,1232,26847,1485,,12,1899,,"0,00",0,,0,0,0,0,,0,0
,,,,,0,0,1232,26847,1485,,12,1899,,"0,00",0,,0,0,0,0,,0,0
,,,,,0,0,1232,26847,1485,,12,1899,,"0,00",0,,0,0,0,0,,0,0
,,,,,0,0,1232,26847,1485,,12,1899,,"0,00",0,,0,0,0,0,,0,0
,,,,,0,0,1232,26847,1485,,12,1899,,"0,00",0,,0,0,0,0,,0,0
,,,,,0,0,1232,26847,1485,,12,1899,,"0,00",0,,0,0,0,0,,0,0
,,,,,0,0,1232,26847,1485,,12,1899,,"0,00",0,,0,0,0,0,,0,0
,,,,,0,0,1232,26847,1485,,12,1899,,"0,00",0,,0,0,0,0,,0,0
,,,,,0,0,1232,26847,1485,,12,1899,,"0,00",0,,0,0,0,0,,0,0
,,,,,0,0,1232,26847,1485,,12,1899,,"0,00",0,,0,0,0,0,,0,0
,,,,,0,0,1232,26847,1485,,12,1899,,"0,00",0,,0,0,0,0,,0,0
,,,,,0,0,1232,26847,1485,,12,1899,,"0,00",0,,0,0,0,0,,0,0
,,,,,0,0,1232,26847,1485,,12,1899,,"0,00",0,,0,0,0,0,,0,0
,,,,,0,0,1232,26847,1485,,12,1899,,"0,00",0,,0,0,0,0,,0,0
,,,,,0,0,1232,26847,1485,,12,1899,,"0,00",0,,0,0,0,0,,0,0